neuron_local_idx,neuron_global_idx,membership_count,coarse_overlap,detail_overlap,rr_label_single,preferred_class,selectivity_index,decoder_importance,ablation_effect_proxy,ablation_drop_actual,is_important_neuron,resp_Divergent,resp_Convergent,resp_Random
0,0,1,Condition_Biased,Biased_Convergent,Convergent,Convergent,0.45407258853850807,0.0017574656812676095,0.0017574656812676095,,0,0.05064067087737443,0.07202327997433115,0.0034411997401288578
1,1,1,Condition_Biased,Biased_Convergent,Convergent,Convergent,0.3671697872026427,0.0018344600037725472,0.0018344600037725472,,0,0.0695575618525016,0.07812019481765803,0.0027623796392054786
2,2,1,Condition_Biased,Biased_Convergent,Convergent,Convergent,0.37900349055301086,0.0018115757023617002,0.0018115757023617002,,0,0.0730755546597866,0.08391036930484604,0.0024979254674343835
3,3,1,Condition_Biased,Biased_Convergent,Convergent,Convergent,0.37082769530959375,0.001762437471330169,0.001762437471330169,,0,0.07422153033583351,0.08398542252152857,0.0028724794054315202
4,4,1,Condition_Biased,Biased_Convergent,Convergent,Convergent,0.5630425798965868,0.001843462308435018,0.001843462308435018,,0,0.049570637531106986,0.09319205298041454,0.00253409661707424
5,5,1,Condition_Biased,Biased_Convergent,Convergent,Convergent,0.530634131752334,0.0018948190329286174,0.0018948190329286174,,0,0.03873324157662281,0.06925393253414318,0.0037399157881736755
6,6,1,Condition_Biased,Biased_Convergent,Convergent,Convergent,0.5523458986693074,0.0018107665401588696,0.0018107665401588696,,0,0.044004841027820665,0.08644260700340524,0.005850526371172496
7,7,3,Shared_Core,Shared_Core,Shared_Core,Random,0.2412286195778981,0.0018574887700853568,0.0018574887700853568,,0,0.10605876669602052,0.0910264870923276,0.16119997657480695
8,8,3,Shared_Core,Shared_Core,Shared_Core,Random,0.3153435901362258,0.001903605234624802,0.001903605234624802,,0,0.19537886574801513,0.15077983091274896,0.3325154166846048
9,9,1,Condition_Biased,Biased_Convergent,Convergent,Convergent,0.5663818212154611,0.0017680045246864192,0.0017680045246864192,,0,0.028706121040343105,0.0649804111635971,0.007270659541799908
10,10,3,Shared_Core,Shared_Core,Shared_Core,Random,0.31351759988201555,0.0018204748807979705,0.0018204748807979705,,0,0.20551224574761048,0.16621001418491807,0.3556272750809079
11,11,1,Condition_Biased,Biased_Convergent,Convergent,Divergent,0.08078494556915697,0.0017694824028715557,0.0017694824028715557,,0,0.051269073154235,0.05047342112062104,0.036735979904465026
12,12,3,Shared_Core,Shared_Core,Shared_Core,Random,0.2183447724155328,0.0019072453404925937,0.0019072453404925937,,0,0.11141016302858224,0.11801060695539821,0.17879596139703477
13,13,3,Shared_Core,Shared_Core,Shared_Core,Random,0.1948209233611778,0.0019443844101985873,0.0019443844101985873,,0,0.07462595807160506,0.08123654396169716,0.1156437021281038
14,14,2,Shared_Core,Shared_Core,Shared_Core,Random,0.199864164156441,0.0020132794487167155,0.0020132794487167155,,0,0.060705831297968006,0.066748830386334,0.09556394943169184
15,15,3,Shared_Core,Shared_Core,Shared_Core,Random,0.1772508196941552,0.0017760684555261465,0.0017760684555261465,,0,0.051545550078075014,0.05493959660331408,0.07618344035886583
16,16,1,Condition_Biased,Biased_Convergent,Convergent,Convergent,0.41434281874633405,0.0020362087819901726,0.0020362087819901726,,0,0.02409861614251753,0.06256574552713169,0.0277163719669694
17,17,1,Condition_Biased,Biased_Convergent,Convergent,Convergent,0.4838636614362412,0.002240863079781214,0.002240863079781214,,1,0.027974614959980364,0.07827905279518378,0.026481417282706216
18,18,1,Condition_Biased,Biased_Divergent,Divergent,Random,0.1638205443658405,0.002216663648859816,0.002216663648859816,,1,0.09326884128499131,0.05119359077688194,0.10053365051613322
19,19,1,Condition_Biased,Biased_Divergent,Divergent,Divergent,0.25697087449480643,0.0019852230357910966,0.0019852230357910966,,0,0.04643661385001261,0.033771297188870834,0.021128553364958082
20,20,2,Shared_Core,Shared_Core,Shared_Core,Divergent,0.33018208454265724,0.0019725234350667447,0.0019725234350667447,,0,0.089612998917133,0.06915339939484391,0.02109648869151161
21,21,1,Condition_Biased,Biased_Convergent,Convergent,Convergent,0.1821203319668802,0.0019481272710324792,0.0019481272710324792,,0,0.04316596293287501,0.050697078335691585,0.02698613322517347
22,22,1,Condition_Biased,Biased_Random,Random,Random,0.27686142509340844,0.0019117290530878436,0.0019117290530878436,,0,0.0725585673130137,0.10295777281186534,0.1549564993186366
23,23,1,Condition_Biased,Biased_Convergent,Convergent,Convergent,0.4020306734016779,0.0019047541567951906,0.0019047541567951906,,0,0.023258429173898847,0.05040444824092015,0.01973679845354387
24,24,2,Shared_Core,Shared_Core,Shared_Core,Divergent,0.34164902529923,0.0020255695067254676,0.0020255695067254676,,0,0.09534392692541649,0.07383079104351276,0.019740278646349908
25,25,1,Condition_Biased,Biased_Random,Random,Random,0.2345388989080904,0.0016546756096072301,0.0016546756096072301,,0,0.05311980196032899,0.06832109754105484,0.09793019798096447
26,26,2,Shared_Core,Shared_Core,Shared_Core,Divergent,0.3805215240600548,0.0018442430995766071,0.0018442430995766071,,0,0.08441368236210402,0.062428135229650926,0.013329407679183142
27,27,1,Condition_Biased,Biased_Random,Random,Random,0.6923684802525252,0.0015891761270045888,0.0015891761270045888,,0,0.1320324104735117,0.057154227725484154,0.5203847506216595
28,28,1,Condition_Biased,Biased_Random,Random,Random,0.7063298963013405,0.0015697453886033858,0.0015697453886033858,,0,0.15542146038531252,0.06193142485889522,0.6314495780638286
29,29,1,Condition_Biased,Biased_Convergent,Convergent,Convergent,0.29829730397284265,0.0017996458494006866,0.0017996458494006866,,0,0.03474870030984346,0.049276779772657334,0.018517449303042322
30,30,2,Shared_Core,Shared_Core,Shared_Core,Convergent,0.37613022556154285,0.0019309489953948183,0.0019309489953948183,,0,0.04798732050360507,0.06361865097976695,0.009695815436896824
31,31,1,Condition_Biased,Biased_Divergent,Divergent,Divergent,0.6448734890844912,0.00200722488073796,0.00200722488073796,,0,0.12868080771123433,0.03071835157614333,0.024845759058371185
32,32,1,Condition_Biased,Biased_Divergent,Divergent,Divergent,0.55027338372234,0.0017750123601629102,0.0017750123601629102,,0,0.07496224318627064,0.026465509608952387,0.017026839972961515
33,33,1,Condition_Biased,Biased_Convergent,Convergent,Divergent,0.2507644275641564,0.0016524378447412835,0.0016524378447412835,,0,0.040521169199219234,0.031447489609509105,0.01709866461654504
34,34,1,Condition_Biased,Biased_Convergent,Convergent,Convergent,0.2778796671179708,0.0018291821366129175,0.0018291821366129175,,0,0.023211565695875933,0.054344578453273784,0.03820787166200933
35,35,1,Condition_Biased,Biased_Divergent,Divergent,Divergent,0.509110775752378,0.001746771552777191,0.001746771552777191,,0,0.08943323959215281,0.03666422750937254,0.02151813300415164
36,36,1,Condition_Biased,Biased_Divergent,Divergent,Divergent,0.21125339041143162,0.0017915427727164214,0.0017915427727164214,,0,0.04405436714136588,0.041807704388794276,0.015567132280696006
37,37,1,Condition_Biased,Biased_Convergent,Convergent,Convergent,0.599572793648737,0.0017341750066875385,0.0017341750066875385,,0,0.033727670960788485,0.16864263718816067,0.05070624833128282
38,38,1,Condition_Biased,Biased_Convergent,Convergent,Convergent,0.6101372840029947,0.0015618667405105108,0.0015618667405105108,,0,0.02344076664143788,0.11810619679439549,0.03375336595234417
39,39,2,Shared_Core,Shared_Core,Shared_Core,Divergent,0.2739797637595225,0.0021833395070620866,0.0021833395070620866,0.0,1,0.1294000935249565,0.08625485666209098,0.06123113823788506
40,40,2,Shared_Core,Shared_Core,Shared_Core,Divergent,0.331529213562324,0.0022881864441223632,0.0022881864441223632,0.0,1,0.17282479474879014,0.10631818059041645,0.06720910710947854
41,41,1,Condition_Biased,Biased_Divergent,Divergent,Divergent,0.3355179066633607,0.0022663775266012444,0.0022663775266012444,-0.00952380952380949,1,0.17113345081796122,0.10474131825953872,0.06555233796437582
42,42,2,Shared_Core,Shared_Core,Shared_Core,Convergent,0.31942658900971976,0.0017135292200345083,0.0017135292200345083,,0,0.017585344638141022,0.052272293470903404,0.03633979733456813
43,43,1,Condition_Biased,Biased_Convergent,Convergent,Convergent,0.3470646511480128,0.0023735973990553446,0.0023735973990553446,-0.00952380952380949,1,0.0656325044699862,0.1237767996511074,0.054359134818826406
44,44,1,Condition_Biased,Biased_Convergent,Convergent,Convergent,0.3142032687250704,0.001979930591070439,0.001979930591070439,,0,0.04448269662852026,0.06907546367834914,0.027609236680326006
45,45,1,Condition_Biased,Biased_Convergent,Convergent,Convergent,0.28561811176818436,0.002094832079988101,0.002094832079988101,,0,0.07690132486354953,0.1107682917041309,0.046200334422645116
46,46,1,Condition_Biased,Biased_Convergent,Convergent,Convergent,0.23510051404101018,0.002114177498755268,0.002114177498755268,,0,0.04390949999544188,0.056993876348691755,0.026683275614465984
47,47,1,Condition_Biased,Biased_Divergent,Divergent,Divergent,0.3419683038581652,0.0017302614699705923,0.0017302614699705923,,0,0.06981221168746048,0.035185325051178086,0.03327925482853537
48,48,1,Condition_Biased,Biased_Convergent,Convergent,Convergent,0.1887868548516212,0.0017421433353530544,0.0017421433353530544,,0,0.027878026885691763,0.036058324457362595,0.021333464093151545
49,49,1,Condition_Biased,Biased_Convergent,Convergent,Convergent,0.21269617514400196,0.0018619129383647937,0.0018619129383647937,,0,0.037488631165354565,0.04923211204621828,0.02643608619414625
50,50,1,Condition_Biased,Biased_Convergent,Convergent,Convergent,0.23014674092859408,0.001907477544148779,0.001907477544148779,,0,0.04636174355503879,0.06452620684197455,0.034402134411391755
51,51,2,Shared_Core,Shared_Core,Shared_Core,Random,0.2305114950555041,0.00198864118977603,0.00198864118977603,,0,0.04153122054216479,0.0379746992804223,0.06357011679737341
52,52,2,Shared_Core,Shared_Core,Shared_Core,Random,0.2581410083197524,0.002155861872296914,0.002155861872296914,,1,0.04977920813729617,0.05632653775051086,0.08997396514529274
53,53,1,Condition_Biased,Biased_Convergent,Convergent,Convergent,0.4002469287347516,0.0019015607680702622,0.0019015607680702622,,0,0.03287440241719223,0.06533997935816796,0.02309837280107396
54,54,1,Condition_Biased,Biased_Convergent,Convergent,Convergent,0.45142528106483204,0.001861410240033377,0.001861410240033377,,0,0.027808687413889397,0.06306539541298542,0.019863186590373515
55,55,1,Condition_Biased,Biased_Random,Random,Random,0.3191016618949491,0.0020579311864808826,0.0020579311864808826,,0,0.04236837250931102,0.040286498313600365,0.08006347744237809
56,56,1,Condition_Biased,Biased_Divergent,Divergent,Divergent,0.21545437819252947,0.002237611047602669,0.002237611047602669,,1,0.07996167101453251,0.042815815967818104,0.0604107304697945
57,57,1,Condition_Biased,Biased_Divergent,Divergent,Divergent,0.4426221771136927,0.0017545008841172226,0.0017545008841172226,,0,0.03938278723174101,0.021425025057837818,0.009007187276369049
58,58,1,Condition_Biased,Biased_Random,Random,Divergent,0.07668633902069949,0.0019211347856567247,0.0019211347856567247,,0,0.040633704420965054,0.03569939003485923,0.03399157385740961
59,59,1,Condition_Biased,Biased_Divergent,Divergent,Divergent,0.2583866777770629,0.0016892631301238684,0.0016892631301238684,,0,0.06593449481488854,0.04106051953170787,0.03665470204848264
60,60,1,Condition_Biased,Biased_Divergent,Divergent,Divergent,0.3256233525970827,0.0017864308681938786,0.0017864308681938786,,0,0.07724536379223555,0.044139092031988604,0.034454076018716605
61,61,1,Condition_Biased,Biased_Divergent,Divergent,Divergent,0.3910525945939882,0.0016730478658854376,0.0016730478658854376,,0,0.060316298783752866,0.028122083980100927,0.024686061147423017
62,62,1,Condition_Biased,Biased_Divergent,Divergent,Divergent,0.3134500750668302,0.0019242016118204098,0.0019242016118204098,,0,0.08911819677438414,0.05588979064545716,0.03727567101429616
63,63,1,Condition_Biased,Biased_Convergent,Convergent,Convergent,0.6743435803626889,0.0017134498482348835,0.0017134498482348835,,0,0.03006897884802225,0.08802760591391813,0.004173401636736734
64,64,1,Condition_Biased,Biased_Convergent,Convergent,Convergent,0.7463598615993338,0.0019487311343072949,0.0019487311343072949,,0,0.022580892566732968,0.09648192837608582,0.005445048940323648
65,65,1,Condition_Biased,Biased_Convergent,Convergent,Convergent,0.5947417537363475,0.0021685413598845453,0.0021685413598845453,,1,0.02350234863532998,0.055712563691265655,0.00481317744013809
66,66,1,Condition_Biased,Biased_Convergent,Convergent,Convergent,0.8101290289329137,0.002421497778876788,0.002421497778876788,0.0,1,0.014563736894839927,0.07445298816369038,0.001055548730350676
67,67,1,Condition_Biased,Biased_Convergent,Convergent,Convergent,0.5297226887373867,0.0020160060491662083,0.0020160060491662083,,0,0.023300001286716842,0.05787071176437718,0.012281980897699083
68,68,1,Condition_Biased,Biased_Convergent,Convergent,Convergent,0.7857791740989364,0.0021943201754607003,0.0021943201754607003,,1,0.012411505873963426,0.062148400765815466,0.0024990518621745565
69,69,1,Condition_Biased,Biased_Convergent,Convergent,Convergent,0.7340012304099438,0.001975145773534162,0.001975145773534162,,0,0.01763879161972537,0.07179872012424349,0.004389302565583161
70,70,1,Condition_Biased,Biased_Convergent,Convergent,Convergent,0.7405142932710783,0.0021527325182864217,0.0021527325182864217,,1,0.024492594818211307,0.10051452202929391,0.005477951112247649
71,71,1,Condition_Biased,Biased_Convergent,Convergent,Convergent,0.7507617941711431,0.002305654799946559,0.002305654799946559,0.0,1,0.02753584403623257,0.10952959156058954,0.0036493908436525434
72,72,1,Condition_Biased,Biased_Convergent,Convergent,Convergent,0.7424174869790533,0.002302811122811034,0.002302811122811034,0.0,1,0.027661886797109736,0.11821911728592834,0.007290904419053169
73,73,1,Condition_Biased,Biased_Convergent,Convergent,Convergent,0.7460499106337019,0.0022590484619365797,0.0022590484619365797,0.0,1,0.02506852579079097,0.11567343722539719,0.008579171839214507
74,74,1,Condition_Biased,Biased_Convergent,Convergent,Convergent,0.4730856384149241,0.0024039390904620522,0.0024039390904620522,0.0,1,0.04631259089595155,0.15796403741144172,0.06669308610615277
75,75,1,Condition_Biased,Biased_Convergent,Convergent,Convergent,0.39951067025560216,0.00231293895710218,0.00231293895710218,0.0,1,0.041016255894416494,0.10807194293598936,0.05172479989982787
76,76,1,Condition_Biased,Biased_Convergent,Convergent,Convergent,0.6908593513276435,0.0024406725203323406,0.0024406725203323406,0.0,1,0.017297626406205857,0.07659094719536076,0.010708694851824215
77,77,1,Condition_Biased,Biased_Convergent,Convergent,Convergent,0.4637377098475856,0.0024341971232547297,0.0024341971232547297,0.0,1,0.04459695407987144,0.15627022366030047,0.0699069320445969
78,78,1,Condition_Biased,Biased_Convergent,Convergent,Convergent,0.47488236053791794,0.002430892486972811,0.002430892486972811,0.0,1,0.03882179074460947,0.13040940109828505,0.05404022822067851
79,79,1,Condition_Biased,Biased_Convergent,Convergent,Convergent,0.4728745325060048,0.0024133396268850612,0.0024133396268850612,-0.00952380952380949,1,0.03889420878472207,0.11757637208534612,0.045264351545345215
80,80,1,Condition_Biased,Biased_Convergent,Convergent,Convergent,0.46002727823202766,0.0020647356172574212,0.0020647356172574212,,0,0.027469082173541628,0.08069895031024711,0.0322219009910311
81,81,1,Condition_Biased,Biased_Convergent,Convergent,Convergent,0.408383159997638,0.0020691432328837508,0.0020691432328837508,,0,0.025571824621236274,0.06886866773394021,0.03228723637404896
82,82,1,Condition_Biased,Biased_Convergent,Convergent,Convergent,0.4559223119905668,0.0019907686680669216,0.0019907686680669216,,0,0.022258196788435245,0.05444271413778717,0.018432251860698065
83,83,1,Condition_Biased,Biased_Random,Random,Random,0.5827317657324136,0.0019838580134622576,0.0019838580134622576,,0,0.028389653568215007,0.03813442708265902,0.12616557766284262
84,84,1,Condition_Biased,Biased_Random,Random,Random,0.5797715666240031,0.002344339657637462,0.002344339657637462,0.0,1,0.022794084882811656,0.03822670397207593,0.11469822071847462
85,85,1,Condition_Biased,Biased_Random,Random,Random,0.5113098019291205,0.0019692751677766306,0.0019692751677766306,,0,0.026145223732487562,0.02605353473130651,0.08071421897482305
86,86,1,Condition_Biased,Biased_Random,Random,Random,0.4639539383026945,0.0021991145905260493,0.0021991145905260493,,1,0.018384062343194514,0.03438435258776552,0.07205586830774943
87,87,1,Condition_Biased,Biased_Random,Random,Random,0.44846708915283284,0.0016795065585323394,0.0016795065585323394,,0,0.017814788829833898,0.0076005983876647676,0.033373667481577114
88,88,1,Condition_Biased,Biased_Convergent,Convergent,Convergent,0.5210869021209348,0.0017543534113540922,0.0017543534113540922,,0,0.056527826101971074,0.11300807796192891,0.014633195173172724
89,89,1,Condition_Biased,Biased_Convergent,Convergent,Convergent,0.3153533957002846,0.0015899960240304,0.0015899960240304,,0,0.029340680472489902,0.037404412348434855,0.009597606353816531
90,90,1,Condition_Biased,Biased_Convergent,Convergent,Convergent,0.5304378944159396,0.001720355142555566,0.001720355142555566,,0,0.06951493949075288,0.13694225528249235,0.014517080322617577
91,91,2,Shared_Core,Shared_Core,Shared_Core,Convergent,0.15472581535375146,0.0017042988366626796,0.0017042988366626796,,0,0.03916323955960666,0.047344945766257515,0.030150981872741664
92,92,1,Condition_Biased,Biased_Convergent,Convergent,Convergent,0.5462177358944462,0.0017534813370487753,0.0017534813370487753,,0,0.06582171208999328,0.13677202007084183,0.0144576890482789
93,93,1,Condition_Biased,Biased_Convergent,Convergent,Convergent,0.4088446245303922,0.0018097695457861174,0.0018097695457861174,,0,0.07197261598542773,0.10572215126394624,0.01675003935538587
94,94,1,Condition_Biased,Biased_Divergent,Divergent,Divergent,0.5426367753604344,0.001788449472719118,0.001788449472719118,,0,0.06990558765474943,0.03484996103427627,0.006601462269290572
95,95,1,Condition_Biased,Biased_Random,Random,Divergent,0.1299296118190813,0.001842731818216908,0.001842731818216908,,0,0.031988003051482174,0.020893590264916044,0.028369326541377676
96,96,1,Condition_Biased,Biased_Random,Random,Random,0.25918933509242725,0.0017621765039804213,0.0017621765039804213,,0,0.03104815244446764,0.015089688813219768,0.03921128596578326
97,97,1,Condition_Biased,Biased_Random,Random,Random,0.36568012599741956,0.0017427624172266112,0.0017427624172266112,,0,0.033620289190896324,0.02572183877304949,0.06388130666954177
98,98,2,Shared_Core,Shared_Core,Shared_Core,Random,0.3140675820502432,0.0017862672394934245,0.0017862672394934245,,0,0.05079746403523135,0.03984053220336485,0.08681937858817124
99,99,1,Condition_Biased,Biased_Random,Random,Random,0.3693790361456033,0.0018189655611336637,0.0018189655611336637,,0,0.032936022513770036,0.025442009284913615,0.06338328211346553
100,100,1,Condition_Biased,Biased_Random,Random,Divergent,0.12399974434746461,0.0017861676017366073,0.0017861676017366073,,0,0.030768315824542494,0.02175183820002007,0.026207340907837662
101,101,1,Condition_Biased,Biased_Divergent,Divergent,Random,0.2109679855995114,0.001810339086846294,0.001810339086846294,,0,0.03751300034635869,0.024780971655443386,0.047802880246724404
102,102,1,Condition_Biased,Biased_Random,Random,Divergent,0.06134351716496017,0.0015569513640899834,0.0015569513640899834,,0,0.023581203808104186,0.0203277468163934,0.02138287650110821
103,103,2,Shared_Core,Shared_Core,Shared_Core,Divergent,0.1306698852312073,0.001817884881668408,0.001817884881668408,,0,0.09024041585765685,0.08333353380051751,0.05543147992963592
104,104,2,Shared_Core,Shared_Core,Shared_Core,Divergent,0.11384921552246816,0.0019796373830289165,0.0019796373830289165,,0,0.07829058752689935,0.07621075455663782,0.048361341176288465
105,105,1,Condition_Biased,Biased_Divergent,Divergent,Divergent,0.11853737412767935,0.0019192101502337469,0.0019192101502337469,,0,0.08677879970850824,0.058595632344032776,0.07817631722206161
106,106,2,Shared_Core,Shared_Core,Shared_Core,Convergent,0.10081918684071296,0.0018258042982071867,0.0018258042982071867,,0,0.08917662358689535,0.08922260397612447,0.056582561126422314
107,107,3,Shared_Core,Shared_Core,Shared_Core,Convergent,0.09250290184278842,0.0017560881429895471,0.0017560881429895471,,0,0.07438039984003904,0.07545540731099218,0.05097498925668853
108,108,2,Shared_Core,Shared_Core,Shared_Core,Divergent,0.021996165394283798,0.0017025460462368486,0.0017025460462368486,,0,0.04936650405217449,0.04916534862114173,0.04531764828023457
109,109,1,Condition_Biased,Biased_Divergent,Divergent,Divergent,0.5449396235838592,0.001772198368756463,0.001772198368756463,,0,0.10641813667428204,0.03101202501501474,0.031678680295035955
110,110,1,Condition_Biased,Biased_Divergent,Divergent,Divergent,0.2274884190276949,0.0024156128582560614,0.0024156128582560614,0.0,1,0.16655883960865972,0.1435188945721496,0.06612647644111089
111,111,1,Condition_Biased,Biased_Divergent,Divergent,Divergent,0.5414232750685087,0.0017433385564241304,0.0017433385564241304,,0,0.191719912864928,0.05809875414001219,0.055975415060917535
112,112,1,Condition_Biased,Biased_Divergent,Divergent,Divergent,0.23591630339769423,0.002148687093535801,0.002148687093535801,,1,0.1738486968232358,0.15193179009877372,0.06302605866942378
113,113,1,Condition_Biased,Biased_Divergent,Divergent,Divergent,0.478505480061454,0.002053417664984516,0.002053417664984516,,0,0.12811370060350824,0.043176088933691834,0.04719975842606454
114,114,1,Condition_Biased,Biased_Divergent,Divergent,Divergent,0.1520685422243294,0.001959549230975188,0.001959549230975188,,0,0.03438269912229874,0.026049474559987736,0.02456239638406606
115,115,1,Condition_Biased,Biased_Convergent,Convergent,Convergent,0.21991915378830168,0.0017941006542649264,0.0017941006542649264,,0,0.044921081458151595,0.053139854881047,0.023039787644076916
116,116,1,Condition_Biased,Biased_Convergent,Convergent,Convergent,0.29035592154298034,0.0019242895430370307,0.0019242895430370307,,0,0.04038191680651048,0.049274169886955106,0.013815723235408466
117,117,1,Condition_Biased,Biased_Convergent,Convergent,Convergent,0.34018403043862044,0.0019230674514517218,0.0019230674514517218,,0,0.0357721697476217,0.046707099315362294,0.010218663331830786
118,118,1,Condition_Biased,Biased_Convergent,Convergent,Convergent,0.26343768629140035,0.002341858703028556,0.002341858703028556,0.0,1,0.03810091412582981,0.10294305601843981,0.08192712737336046
119,119,1,Condition_Biased,Biased_Convergent,Convergent,Random,0.14969507846716806,0.0019683242588418165,0.0019683242588418165,,0,0.0331155347288095,0.05327686092186004,0.05840546701635633
120,120,1,Condition_Biased,Biased_Convergent,Convergent,Convergent,0.19548707756320383,0.0020107553216663497,0.0020107553216663497,,0,0.030745177914856103,0.0709933355789293,0.064805927491259
121,121,1,Condition_Biased,Biased_Convergent,Convergent,Convergent,0.21567016407739523,0.002081736069064518,0.002081736069064518,,0,0.05035931002623736,0.1038361516583598,0.08362734885442824
122,122,1,Condition_Biased,Biased_Random,Random,Random,0.3537470655426711,0.002181087416791438,0.002181087416791438,,1,0.12177169463648323,0.043368481193678546,0.17296480720951443
123,123,1,Condition_Biased,Biased_Random,Random,Random,0.3485312101750944,0.0022372974248012767,0.0022372974248012767,,1,0.1039909426248652,0.03553096663131557,0.14440419255268006
124,124,1,Condition_Biased,Biased_Convergent,Convergent,Convergent,0.08786991724741317,0.0018733739446593367,0.0018733739446593367,,0,0.03629415296902291,0.037589060674148675,0.02673932645647299
125,125,1,Condition_Biased,Biased_Convergent,Convergent,Convergent,0.771879639300031,0.0018865135352061986,0.0018865135352061986,,0,0.01711315264677794,0.105983332633229,0.010176461762083429
126,126,1,Condition_Biased,Biased_Convergent,Convergent,Convergent,0.7070120056392711,0.0019313989506452214,0.0019313989506452214,,0,0.014828593802701226,0.06658498027992218,0.00802842156872863
127,127,1,Condition_Biased,Biased_Convergent,Convergent,Convergent,0.4364332394106652,0.0019430625292226498,0.0019430625292226498,,0,0.02962356961414784,0.05171890467442949,0.010958971597609066
128,128,1,Condition_Biased,Biased_Convergent,Convergent,Convergent,0.5284483856968103,0.0019437808591742957,0.0019437808591742957,,0,0.023221551287400572,0.060951447885746905,0.01438750887200946
129,129,1,Condition_Biased,Biased_Convergent,Convergent,Convergent,0.36771518007929976,0.001923840001950351,0.001923840001950351,,0,0.023091729824678806,0.04563058322916428,0.019097646325826646
130,130,1,Condition_Biased,Biased_Divergent,Divergent,Divergent,0.22028188444422322,0.0018248264299056032,0.0018248264299056032,,0,0.0736002756699228,0.03255839688665788,0.06149768799188591
131,131,2,Shared_Core,Shared_Core,Shared_Core,Divergent,0.09870616054477167,0.0016689695087753178,0.0016689695087753178,,0,0.06552426964742081,0.06536343161868063,0.042138688035664104
132,132,1,Condition_Biased,Biased_Random,Random,Random,0.6239975227805261,0.0019511873756065576,0.0019511873756065576,,0,0.027681971353946355,0.04148509765438961,0.1493702243126574
133,133,1,Condition_Biased,Biased_Random,Random,Random,0.32066572188516135,0.0020709977776422047,0.0020709977776422047,,0,0.022183642388647618,0.02993203867979423,0.05065797191290628
134,134,2,Shared_Core,Shared_Core,Shared_Core,Random,0.5001321305668376,0.0021662582219768947,0.0021662582219768947,,1,0.03330400118502132,0.04583161784279527,0.11874526453514894
135,135,2,Shared_Core,Shared_Core,Shared_Core,Random,0.4685332002788487,0.0022962780665978285,0.0022962780665978285,0.00952380952380949,1,0.029571825984220968,0.04311322360628783,0.1004205799351136
136,136,2,Shared_Core,Shared_Core,Shared_Core,Random,0.4905822726268275,0.0024529256442367207,0.0024529256442367207,0.00952380952380949,1,0.02255782353955042,0.03470251517313899,0.08377333691432362
137,137,2,Shared_Core,Shared_Core,Shared_Core,Random,0.4761709503199588,0.0024481451942647073,0.0024481451942647073,0.00952380952380949,1,0.022848587744488117,0.033773222159726,0.07978124827856109
138,138,1,Condition_Biased,Biased_Convergent,Convergent,Divergent,0.10056816885035881,0.0019406000141276888,0.0019406000141276888,,0,0.04604425466273625,0.04459922215278082,0.03065948413596267
139,139,1,Condition_Biased,Biased_Convergent,Convergent,Divergent,0.18592830446412167,0.002099924576155161,0.002099924576155161,,0,0.06180769118052055,0.05594973825859,0.02890512483371865
140,140,1,Condition_Biased,Biased_Convergent,Convergent,Divergent,0.23252661578548492,0.0019687922067214945,0.0019687922067214945,,0,0.09533350455146361,0.09374676943954194,0.024978337880401384
141,141,1,Condition_Biased,Biased_Convergent,Convergent,Convergent,0.4841571478544718,0.0017995636296980861,0.0017995636296980861,,0,0.049396586421688524,0.0896628877204476,0.012930990950692268
142,142,1,Condition_Biased,Biased_Convergent,Convergent,Convergent,0.42257334323921464,0.0020065415333358418,0.0020065415333358418,,0,0.03420391164224925,0.05727696594678693,0.012293862427274387
143,143,1,Condition_Biased,Biased_Convergent,Convergent,Convergent,0.21056218030687193,0.0019097125736201733,0.0019097125736201733,,0,0.06819482295447764,0.06955124114668279,0.022517378468598637
144,144,1,Condition_Biased,Biased_Random,Random,Divergent,0.155721843716718,0.0021534646473603393,0.0021534646473603393,,1,0.08909553977884824,0.08583774987721082,0.04433443379544076
145,145,1,Condition_Biased,Biased_Random,Random,Divergent,0.15926744370673776,0.0021794121686438293,0.0021794121686438293,,1,0.1180671701357083,0.11515758224207946,0.05609351999702908
146,146,1,Condition_Biased,Biased_Random,Random,Random,0.6906510709811828,0.002038747029862402,0.002038747029862402,,0,0.056371762574442076,0.021795377963119082,0.2135991876324018
147,147,1,Condition_Biased,Biased_Random,Random,Divergent,0.17658869030452265,0.0021600171836224794,0.0021600171836224794,,1,0.06705722850963536,0.06525091794930925,0.02860631662465277
148,148,1,Condition_Biased,Biased_Random,Random,Random,0.709020406284102,0.0022354841122705603,0.0022354841122705603,,1,0.04435858224766164,0.011372658339413729,0.1636641013480368
149,149,1,Condition_Biased,Biased_Random,Random,Random,0.6992554097489736,0.002254318907801266,0.002254318907801266,,1,0.04074779186272043,0.009627680915097395,0.14231477042748814
150,150,1,Condition_Biased,Biased_Random,Random,Random,0.6202158022456693,0.0023518419083773923,0.0023518419083773923,0.00952380952380949,1,0.04034620099052598,0.012395292332377097,0.11250152247292655
151,151,1,Condition_Biased,Biased_Random,Random,Random,0.18715233374535653,0.0017724268390550547,0.0017724268390550547,,0,0.07207862771890335,0.03999615191585488,0.08184180241965112
152,152,2,Shared_Core,Shared_Core,Shared_Core,Divergent,0.15330328953130645,0.0017854614042014754,0.0017854614042014754,,0,0.10442471486921048,0.06811806792863692,0.08520857801749593
153,153,2,Shared_Core,Shared_Core,Shared_Core,Divergent,0.33073340554250913,0.0021315777690868055,0.0021315777690868055,,0,0.20402971928632713,0.18449264572876872,0.02073294615284318
154,154,2,Shared_Core,Shared_Core,Shared_Core,Divergent,0.3229660672587157,0.0021500889717934422,0.0021500889717934422,,1,0.12810655628264203,0.11377280154688792,0.01734543006334986
155,155,2,Shared_Core,Shared_Core,Shared_Core,Divergent,0.32842165926342665,0.0020779366983816458,0.0020779366983816458,,0,0.20125789982011297,0.1838174838234078,0.019672794249795733
156,156,2,Shared_Core,Shared_Core,Shared_Core,Divergent,0.3141595375413372,0.002240644789914047,0.002240644789914047,0.0,1,0.13695083182886683,0.13282852175861898,0.010116713050575484
157,157,2,Shared_Core,Shared_Core,Shared_Core,Divergent,0.30578115456497507,0.002282757407093458,0.002282757407093458,0.0,1,0.07044333187305223,0.06055752421268309,0.01434490235433692
158,158,1,Condition_Biased,Biased_Random,Random,Random,0.37867305182648947,0.0016588365798063138,0.0016588365798063138,,0,0.018566171988404753,0.016740190755397157,0.03917094777293858
159,159,1,Condition_Biased,Biased_Divergent,Divergent,Divergent,0.4369928258277536,0.0018377593178444647,0.0018377593178444647,,0,0.08705730765727879,0.03495933112189776,0.03325797364647899
160,160,2,Shared_Core,Shared_Core,Shared_Core,Divergent,0.3844360601381243,0.0018946159268526878,0.0018946159268526878,,0,0.06386023461779398,0.03024938475632231,0.026539164391301925
161,161,2,Shared_Core,Shared_Core,Shared_Core,Divergent,0.31818284315412104,0.002223954603845002,0.002223954603845002,0.0,1,0.06268547308721623,0.051644459122208636,0.013202434095243612
162,162,2,Shared_Core,Shared_Core,Shared_Core,Divergent,0.289366042649952,0.0022284038198324076,0.0022284038198324076,-0.00952380952380949,1,0.06679159222084259,0.05518928597295525,0.018435071932063216
163,163,3,Shared_Core,Shared_Core,Shared_Core,Random,0.09860344598034673,0.0017577352344573,0.0017577352344573,,0,0.05011333469773018,0.03717526390847534,0.053192767820187975
164,164,1,Condition_Biased,Biased_Convergent,Convergent,Convergent,0.42546460492241106,0.0018304737303261496,0.0018304737303261496,,0,0.023062253186188417,0.06301766437374884,0.02773645282501266
165,165,1,Condition_Biased,Biased_Convergent,Convergent,Convergent,0.41085246465377945,0.0017622129100762615,0.0017622129100762615,,0,0.026618053059914947,0.06687190504086138,0.029231043887280282
166,166,2,Shared_Core,Shared_Core,Shared_Core,Random,0.43343361632111355,0.0021835627707711947,0.0021835627707711947,0.0,1,0.07396036795171504,0.06929693882814561,0.18122310574565614
167,167,2,Shared_Core,Shared_Core,Shared_Core,Random,0.4867671995448341,0.0023660939507358907,0.0023660939507358907,0.0,1,0.07335666708553894,0.06598558946691378,0.20182799732401258
168,168,1,Condition_Biased,Biased_Random,Random,Random,0.5251124702494598,0.002236392858319106,0.002236392858319106,,1,0.0775607840672827,0.07404829458230072,0.24344806082191922
169,169,1,Condition_Biased,Biased_Random,Random,Random,0.48723034415564387,0.0021121318479050484,0.0021121318479050484,,0,0.07179026971355018,0.07238065507827383,0.20907572401421412
170,170,1,Condition_Biased,Biased_Random,Random,Random,0.2778133842987294,0.0017491041380160446,0.0017491041380160446,,0,0.0608168729749913,0.058043764045725414,0.10515406236407303
171,171,2,Shared_Core,Shared_Core,Shared_Core,Random,0.2852307804892561,0.0018611523836165394,0.0018611523836165394,,0,0.08882474973169058,0.08525040013847326,0.15650278063535336
172,172,2,Shared_Core,Shared_Core,Shared_Core,Random,0.28680113270592406,0.0018477252945142335,0.0018477252945142335,,0,0.09744031972522978,0.09336027965147162,0.17212760609885056
173,173,2,Shared_Core,Shared_Core,Shared_Core,Random,0.2852564882808493,0.001781919764675964,0.001781919764675964,,0,0.08941348662937869,0.08403188637881116,0.1559453058100882
174,174,1,Condition_Biased,Biased_Random,Random,Random,0.27400044588250005,0.0017702060087044014,0.0017702060087044014,,0,0.038958645594711044,0.04002968338553352,0.06930525354331447
175,175,1,Condition_Biased,Biased_Random,Random,Random,0.3491342310427448,0.0021760895330921633,0.0021760895330921633,,1,0.03535741562110211,0.032898884840460135,0.07074186094105243
176,176,1,Condition_Biased,Biased_Random,Random,Random,0.2907653940685597,0.002101599429581244,0.002101599429581244,,0,0.033523276080829306,0.033677639298592556,0.06115086270230157
177,177,1,Condition_Biased,Biased_Convergent,Convergent,Convergent,0.7195598147719554,0.0020121424156599233,0.0020121424156599233,,0,0.021067186315712923,0.06844576412219215,0.0012582281338317054
178,178,2,Shared_Core,Shared_Core,Shared_Core,Convergent,0.2736606001659342,0.001977266478869071,0.001977266478869071,,0,0.20923244893425125,0.2442441221815769,0.06934118221203486
179,179,2,Shared_Core,Shared_Core,Shared_Core,Convergent,0.24396696475246527,0.0020224960184337813,0.0020224960184337813,,0,0.1198010085315644,0.13373870348012207,0.04276098995691254
180,180,2,Shared_Core,Shared_Core,Shared_Core,Convergent,0.2713460948164778,0.0020862155673957664,0.0020862155673957664,,0,0.11882393085692503,0.145739450787354,0.048233049753166383
181,181,2,Shared_Core,Shared_Core,Shared_Core,Convergent,0.23099717776836087,0.002013731639392116,0.002013731639392116,,0,0.08066464029252529,0.09453669205458477,0.0374493315461136
182,182,1,Condition_Biased,Biased_Convergent,Convergent,Convergent,0.8852089088628166,0.0016143670672959989,0.0016143670672959989,,0,0.011815734767602592,0.10274363391929203,0.0006964635236987045
183,183,1,Condition_Biased,Biased_Convergent,Convergent,Convergent,0.8558483497077206,0.00207936732336857,0.00207936732336857,,0,0.014749073073708055,0.0975845738060095,0.0004105463624000549
184,184,2,Shared_Core,Shared_Core,Shared_Core,Convergent,0.3414119266806803,0.0019352804420850525,0.0019352804420850525,,0,0.08774851659855133,0.12854521795919147,0.03847422787830943
185,185,1,Condition_Biased,Biased_Divergent,Divergent,Convergent,0.14389825956421864,0.0018357626866517343,0.0018357626866517343,,0,0.03637994371574639,0.042174357535185836,0.026747245412497293
186,186,2,Shared_Core,Shared_Core,Shared_Core,Convergent,0.40749371279839514,0.0019455091481988636,0.0019455091481988636,,0,0.10113620245632743,0.16806247223620163,0.04036080109931174
187,187,2,Shared_Core,Shared_Core,Shared_Core,Convergent,0.3881799632151604,0.0018353074507498123,0.0018353074507498123,,0,0.11206652341166881,0.17356218085295022,0.04092346734943844
188,188,1,Condition_Biased,Biased_Convergent,Convergent,Convergent,0.45446920072585495,0.001904873090547304,0.001904873090547304,,0,0.06217261146015256,0.11053943601107658,0.02074790256364005
189,189,1,Condition_Biased,Biased_Random,Random,Random,0.6125473274195348,0.0020476603504855397,0.0020476603504855397,,0,0.035297547714619695,0.030354739571310053,0.13661980919894717
190,190,1,Condition_Biased,Biased_Random,Random,Random,0.6016439135280076,0.0019758014601971045,0.0019758014601971045,,0,0.03502658603689338,0.022362235613694093,0.11536971571899596
191,191,1,Condition_Biased,Biased_Divergent,Divergent,Divergent,0.5231758698563397,0.0017134464281264902,0.0017134464281264902,,0,0.064039505818733,0.016562208998948336,0.023532414689127888
192,192,1,Condition_Biased,Biased_Convergent,Convergent,Convergent,0.6709783041168678,0.002163211518692912,0.002163211518692912,,1,0.02309468082046207,0.07697584043548565,0.007218964185033525
193,193,1,Condition_Biased,Biased_Convergent,Convergent,Convergent,0.5868152128130372,0.0019296119424119236,0.0019296119424119236,,0,0.02560267027640393,0.05843582855669236,0.004829096687691552
194,194,2,Shared_Core,Shared_Core,Shared_Core,Random,0.2733188271840753,0.002083422429353564,0.002083422429353564,,0,0.07217176769416041,0.05854386879563934,0.11452249430474781
195,195,1,Condition_Biased,Biased_Convergent,Convergent,Convergent,0.6504129045616888,0.0018212325030710608,0.0018212325030710608,,0,0.02202814290858019,0.05916638386369956,0.00303686261177063
196,196,1,Condition_Biased,Biased_Convergent,Convergent,Convergent,0.0678388509689023,0.0018594696271619366,0.0018594696271619366,,0,0.036340966569220465,0.04156801222136827,0.03623194272319476
197,197,1,Condition_Biased,Biased_Convergent,Convergent,Convergent,0.5573313508227593,0.0019090908069169608,0.0019090908069169608,,0,0.019741876734585703,0.04303782040046321,0.004724970105148497
198,198,3,Shared_Core,Shared_Core,Shared_Core,Random,0.22886248719144353,0.0019577908194728503,0.0019577908194728503,,0,0.04520353276816979,0.04713228841622671,0.07357185002238978
199,199,3,Shared_Core,Shared_Core,Shared_Core,Random,0.1351400591739513,0.00217381565871608,0.00217381565871608,,1,0.14336931776208214,0.12844664174498935,0.1783810128058706
200,200,3,Shared_Core,Shared_Core,Shared_Core,Random,0.1533106574048221,0.002167924604201118,0.002167924604201118,,1,0.21091070095320794,0.20500814363435663,0.28327015113262904
201,201,3,Shared_Core,Shared_Core,Shared_Core,Random,0.11191643435331562,0.002071521858326588,0.002071521858326588,,0,0.11791220448816879,0.10315276885574515,0.1383911303111485
202,202,3,Shared_Core,Shared_Core,Shared_Core,Random,0.11394765051841187,0.002058487034386648,0.002058487034386648,,0,0.1182825134336194,0.10454957866382719,0.14007258464892705
203,203,3,Shared_Core,Shared_Core,Shared_Core,Random,0.12628848017645122,0.0021063389136738225,0.0021063389136738225,,0,0.09091161732180712,0.07963035473919879,0.10992155543395452
204,204,2,Shared_Core,Shared_Core,Shared_Core,Divergent,0.1143044639654671,0.0018691932798557364,0.0018691932798557364,,0,0.075578388062459,0.055100551444209285,0.06504514139323007
205,205,1,Condition_Biased,Biased_Divergent,Divergent,Divergent,0.10973196377868956,0.0018938401603948237,0.0018938401603948237,,0,0.10472803546964557,0.07803546320270709,0.08999794579687573
206,206,2,Shared_Core,Shared_Core,Shared_Core,Convergent,0.4289244092594713,0.0018541065296268384,0.0018541065296268384,,0,0.028490679472181868,0.07177380822373158,0.028878723226842425
207,207,2,Shared_Core,Shared_Core,Shared_Core,Convergent,0.4117174263394648,0.002297879100638,0.002297879100638,0.0,1,0.020563023455661057,0.050177267517405325,0.02125612749230294
208,208,1,Condition_Biased,Biased_Divergent,Divergent,Divergent,0.15062983184646625,0.0017827813982502125,0.0017827813982502125,,0,0.10198235039339884,0.06966288289939514,0.08089946774499757
209,209,2,Shared_Core,Shared_Core,Shared_Core,Convergent,0.464259492219166,0.0020450046389796353,0.0020450046389796353,,0,0.03339899472797973,0.08937774455607539,0.03200372727144332
210,210,1,Condition_Biased,Biased_Convergent,Convergent,Convergent,0.5380874095442314,0.0017692101797179215,0.0017692101797179215,,0,0.02129403204275963,0.06833168424458967,0.01974819362429636
211,211,2,Shared_Core,Shared_Core,Shared_Core,Convergent,0.4114610352333287,0.0022178907175686353,0.0022178907175686353,0.0,1,0.03153677838009621,0.07400522768647984,0.030179356890065328
212,212,1,Condition_Biased,Biased_Divergent,Divergent,Convergent,0.23998616021418642,0.0017537364810346818,0.0017537364810346818,,0,0.05735091885496795,0.06906611126179647,0.027313252573921566
213,213,2,Shared_Core,Shared_Core,Shared_Core,Convergent,0.36651790411852564,0.0019435240432940232,0.0019435240432940232,,0,0.021331856883905105,0.04780753006725901,0.02299279375445275
214,214,2,Shared_Core,Shared_Core,Shared_Core,Convergent,0.3626748862676226,0.0019705640215219805,0.0019705640215219805,,0,0.021053464187285566,0.04719458469613032,0.02309249368097101
215,215,2,Shared_Core,Shared_Core,Shared_Core,Convergent,0.40514170127746746,0.0019645558886614927,0.0019645558886614927,,0,0.020178268730388915,0.047974249809002036,0.020440952231486637
216,216,2,Shared_Core,Shared_Core,Shared_Core,Convergent,0.4502387552291038,0.0019699860715474775,0.0019699860715474775,,0,0.01786184131721907,0.04653616928768278,0.017420324825105214
217,217,1,Condition_Biased,Biased_Convergent,Convergent,Convergent,0.23533930202403097,0.001737728449146877,0.001737728449146877,,0,0.05739858898212387,0.06728858147945369,0.025903113789501643
218,218,1,Condition_Biased,Biased_Convergent,Convergent,Convergent,0.18480535699368542,0.0018000122153266666,0.0018000122153266666,,0,0.05605915158924171,0.06376409199502733,0.03168546553878557
219,219,1,Condition_Biased,Biased_Convergent,Convergent,Divergent,0.1172478007058407,0.0016959985810675459,0.0016959985810675459,,0,0.048608884910899625,0.04799875735559247,0.028814282747251646
220,220,1,Condition_Biased,Biased_Convergent,Convergent,Convergent,0.16811437256796352,0.0017721487551053913,0.0017721487551053913,,0,0.05348289480535039,0.05966406479252107,0.03149795833797682
221,221,1,Condition_Biased,Biased_Convergent,Convergent,Convergent,0.22295742231734145,0.0019769013325576525,0.0019769013325576525,,0,0.05632740865316132,0.08232049899401539,0.04828217393230824
222,222,3,Shared_Core,Shared_Core,Shared_Core,Convergent,0.2237319116401489,0.0017179397849287781,0.0017179397849287781,,0,0.02226070690711465,0.057925617350547604,0.051228932154897065
223,223,1,Condition_Biased,Biased_Convergent,Convergent,Divergent,0.09190274013639416,0.001801825973631702,0.001801825973631702,,0,0.05902072763707064,0.056066851216283714,0.04210409216937565
224,224,1,Condition_Biased,Biased_Random,Random,Random,0.49970446055716095,0.0020678843710237914,0.0020678843710237914,,0,0.0458973408814221,0.08164607244778914,0.19116443262568542
225,225,1,Condition_Biased,Biased_Random,Random,Random,0.4724050400638635,0.002245645606963833,0.002245645606963833,,1,0.042394042333375806,0.07699034420180727,0.16658818391816957
226,226,1,Condition_Biased,Biased_Random,Random,Random,0.35560925488930306,0.0017917125565721284,0.0017917125565721284,,0,0.02873983919494766,0.07860394975057605,0.11290993458103565
227,227,1,Condition_Biased,Biased_Random,Random,Random,0.3407459235020691,0.0017972246243624689,0.0017972246243624689,,0,0.028880081797718123,0.07169530247197006,0.10227167436054775
228,228,1,Condition_Biased,Biased_Random,Random,Random,0.30573843268295214,0.0017767416503960871,0.0017767416503960871,,0,0.02884341206181527,0.06479602650447626,0.08805659099348954
229,229,1,Condition_Biased,Biased_Random,Random,Random,0.2941636788343652,0.0017738242971586183,0.0017738242971586183,,0,0.02714152853810209,0.062031275599799825,0.08174997573452336
230,230,2,Shared_Core,Shared_Core,Shared_Core,Convergent,0.23690933310250406,0.0022084625717068893,0.0022084625717068893,0.00952380952380949,1,0.12404564989707138,0.1381984737729936,0.04647285569281805
231,231,2,Shared_Core,Shared_Core,Shared_Core,Convergent,0.1730291026427433,0.001765198007333379,0.001765198007333379,,0,0.06919400626597022,0.07831592071387503,0.041229489764996935
232,232,1,Condition_Biased,Biased_Random,Random,Random,0.19866107544734615,0.0018346664624403907,0.0018346664624403907,,0,0.04466268562472068,0.02647338668354834,0.05320348127612046
233,233,1,Condition_Biased,Biased_Convergent,Convergent,Convergent,0.35337835799888406,0.001674810476290292,0.001674810476290292,,0,0.026664028124970224,0.04151714607283021,0.013008373913665612
234,234,1,Condition_Biased,Biased_Convergent,Convergent,Divergent,0.2643152047745147,0.0022611625754093948,0.0022611625754093948,0.0,1,0.04969646417799127,0.04624361631394637,0.011591538928803944
235,235,1,Condition_Biased,Biased_Divergent,Divergent,Divergent,0.40511442784181967,0.0018093187414021253,0.0018093187414021253,,0,0.031676407726599444,0.01931985480137019,0.0075019293331674165
236,236,1,Condition_Biased,Biased_Divergent,Divergent,Divergent,0.08290775365568989,0.0023772722081611005,0.0023772722081611005,0.00952380952380949,1,0.26405324603387703,0.20946713681850168,0.2377753614314965
237,237,1,Condition_Biased,Biased_Convergent,Convergent,Convergent,0.10313614275490655,0.0019818273404015275,0.0019818273404015275,,0,0.04122879454386637,0.04975641340092577,0.03967641219496727
238,238,1,Condition_Biased,Biased_Random,Random,Random,0.45439024625443863,0.001881943626952863,0.001881943626952863,,0,0.026941441796731816,0.022102566191343345,0.0653664330286639
239,239,1,Condition_Biased,Biased_Random,Random,Random,0.29442348523711354,0.0020726374065791506,0.0020726374065791506,,0,0.07853936990290754,0.058585103921065425,0.12578163785593852
240,240,1,Condition_Biased,Biased_Convergent,Convergent,Convergent,0.40481194250271235,0.0022091323531922367,0.0022091323531922367,,1,0.03494105033207103,0.047354980033229695,0.005185485790882792
241,241,1,Condition_Biased,Biased_Random,Random,Random,0.24038420007480546,0.0020217369058509157,0.0020217369058509157,,0,0.0531680649185734,0.06261373953799708,0.09453063043100493
242,242,1,Condition_Biased,Biased_Convergent,Convergent,Convergent,0.2108487942754901,0.001987019823167286,0.001987019823167286,,0,0.04343218369731672,0.04829929920026299,0.0195243974704118
243,243,1,Condition_Biased,Biased_Random,Random,Random,0.19012212887666208,0.001911621420518855,0.001911621420518855,,0,0.04198473010935235,0.05261454595760866,0.06950720339303924
244,244,1,Condition_Biased,Biased_Convergent,Convergent,Convergent,0.4400835508192348,0.0019196206211013567,0.0019196206211013567,,0,0.026050973660017872,0.05910971556611434,0.0199137233641176
245,245,3,Shared_Core,Shared_Core,Shared_Core,Divergent,0.15637230251043796,0.0017650622637463025,0.0017650622637463025,,0,0.05497484844382302,0.04288729621718327,0.03732615184216272
246,246,3,Shared_Core,Shared_Core,Shared_Core,Divergent,0.1387504714466278,0.0015888209896418551,0.0015888209896418551,,0,0.05468560846911484,0.04349126260859346,0.03922739383720216
247,247,2,Shared_Core,Shared_Core,Shared_Core,Divergent,0.07585411813586178,0.0021238538715564574,0.0021238538715564574,,0,0.10615607722414823,0.09906631860073016,0.08330729497330529
248,248,1,Condition_Biased,Biased_Divergent,Divergent,Divergent,0.7498292345609481,0.0017541928786831858,0.0017541928786831858,,0,0.17811101811784733,0.03243121819928138,0.018497373979716073
249,249,1,Condition_Biased,Biased_Random,Random,Random,0.5316270346110802,0.0017040052071504227,0.0017040052071504227,,0,0.02157956141514806,0.006909374396946996,0.04658085276328382
250,250,1,Condition_Biased,Biased_Random,Random,Random,0.41711142821129604,0.0015364318679976481,0.0015364318679976481,,0,0.01993356617010407,0.00790691708927184,0.0338427178916477
251,251,2,Shared_Core,Shared_Core,Shared_Core,Divergent,0.11376009309174978,0.0022315184224764952,0.0022315184224764952,0.0,1,0.17844876798679304,0.1589559813340505,0.12503411762771152
252,252,1,Condition_Biased,Biased_Divergent,Divergent,Divergent,0.5112473671735984,0.0018572833279129012,0.0018572833279129012,,0,0.06323526281949902,0.02540937266453649,0.015492470225407964
253,253,2,Shared_Core,Shared_Core,Shared_Core,Divergent,0.12957789308124884,0.0021846435487904254,0.0021846435487904254,-0.00952380952380949,1,0.1495461963069967,0.130591978121436,0.09988051265300739
254,254,1,Condition_Biased,Biased_Random,Random,Random,0.5282157305238329,0.0016050903243163613,0.0016050903243163613,,0,0.02038414791257824,0.0075099524992489905,0.045177643466740844
255,255,2,Shared_Core,Shared_Core,Shared_Core,Divergent,0.12862308423401014,0.0020771825061384826,0.0020771825061384826,,0,0.14005125677488148,0.12157470073122907,0.09468426806408735
256,256,2,Shared_Core,Shared_Core,Shared_Core,Divergent,0.1232776965079687,0.0020279107703689543,0.0020279107703689543,,0,0.121664815656998,0.10507319663472549,0.0848464603979318
257,257,1,Condition_Biased,Biased_Convergent,Convergent,Convergent,0.8887343751293416,0.001773271960809238,0.001773271960809238,,0,0.007467211377394351,0.11464065538173673,0.006039784972866376
258,258,1,Condition_Biased,Biased_Convergent,Convergent,Convergent,0.882953247226432,0.001731244051683152,0.001731244051683152,,0,0.006326363064380135,0.10805091693658721,0.007106799951621464
259,259,1,Condition_Biased,Biased_Convergent,Convergent,Convergent,0.6762522668004318,0.0018932596222884226,0.0018932596222884226,,0,0.013574700700394212,0.051936368263947465,0.006487054714844341
260,260,1,Condition_Biased,Biased_Convergent,Convergent,Convergent,0.8941920372491958,0.0016766034484275564,0.0016766034484275564,,0,0.004292691747347514,0.09893103430254592,0.006759715807579812
261,261,1,Condition_Biased,Biased_Convergent,Convergent,Convergent,0.8975036118515198,0.0017528457396594034,0.0017528457396594034,,0,0.0039027629475176084,0.08605704530885425,0.005394227332657292
262,262,1,Condition_Biased,Biased_Convergent,Convergent,Convergent,0.7729555179087568,0.0017727919445491068,0.0017727919445491068,,0,0.009497237882973776,0.06416400899226317,0.006936433512185301
263,263,1,Condition_Biased,Biased_Convergent,Convergent,Convergent,0.2983406993972627,0.0018853980323908495,0.0018853980323908495,,0,0.03718873167033248,0.041974265749255814,0.00817938158732085
264,264,1,Condition_Biased,Biased_Convergent,Convergent,Convergent,0.30411021404236677,0.0017180484084339182,0.0017180484084339182,,0,0.03320931010576995,0.040177452487334835,0.009669088530132458
265,265,2,Shared_Core,Shared_Core,Shared_Core,Divergent,0.24301149542758943,0.0019175875794079312,0.0019175875794079312,,0,0.08140227832057305,0.07325512932547641,0.025892125806283382
266,266,1,Condition_Biased,Biased_Convergent,Convergent,Convergent,0.2840513131239134,0.0016479758813234642,0.0016479758813234642,,0,0.025968045241372337,0.029504638764950814,0.006933766647818543
267,267,1,Condition_Biased,Biased_Convergent,Convergent,Convergent,0.49707398735425146,0.001692817692572276,0.001692817692572276,,0,0.009884281428275386,0.039636214120275896,0.016746443962412223
268,268,1,Condition_Biased,Biased_Random,Random,Random,0.11460777112140741,0.0018784328797656143,0.0018784328797656143,,0,0.03821630528361737,0.04862247205179448,0.05466005511227108
269,269,1,Condition_Biased,Biased_Convergent,Convergent,Convergent,0.4954951528001723,0.0016516698918033399,0.0016516698918033399,,0,0.03368005643791287,0.0943402395480209,0.029971247343789965
270,270,1,Condition_Biased,Biased_Convergent,Convergent,Convergent,0.5114799181253431,0.0017293026621491058,0.0017293026621491058,,0,0.03847104065780398,0.09478074357365117,0.02279645758015769
271,271,1,Condition_Biased,Biased_Convergent,Convergent,Convergent,0.5356782229207286,0.001711809676104072,0.001711809676104072,,0,0.03308885139000567,0.09281999100413588,0.02304054150978724
272,272,1,Condition_Biased,Biased_Convergent,Convergent,Convergent,0.7869314180473399,0.001809201615141818,0.001809201615141818,,0,0.02866645666813863,0.1505791712740455,0.007242801146847861
273,273,1,Condition_Biased,Biased_Convergent,Convergent,Convergent,0.5749355515839888,0.0019566563825286886,0.0019566563825286886,,0,0.027160275837540125,0.06408215003708999,0.00743040151539303
274,274,1,Condition_Biased,Biased_Convergent,Convergent,Convergent,0.8030917015845491,0.0016638661357955388,0.0016638661357955388,,0,0.02614153087932915,0.15335912819283853,0.00735392024119695
275,275,1,Condition_Biased,Biased_Convergent,Convergent,Convergent,0.5425575117795567,0.0022120972305537125,0.0022120972305537125,,1,0.05101328848503561,0.11242637894295081,0.015666368036043075
276,276,2,Shared_Core,Shared_Core,Shared_Core,Divergent,0.3562976773712947,0.0019438211872043717,0.0019438211872043717,,0,0.08652345321773854,0.02705840752936307,0.05507009379743111
277,277,2,Shared_Core,Shared_Core,Shared_Core,Divergent,0.41036469059054426,0.0019513475242707906,0.0019513475242707906,,0,0.07635997804392616,0.015818736271349467,0.04802934441360689
278,278,1,Condition_Biased,Biased_Divergent,Divergent,Divergent,0.218622465675091,0.0016775924796817326,0.0016775924796817326,,0,0.04346631434726438,0.03675642250707806,0.018984551399591425
279,279,1,Condition_Biased,Biased_Convergent,Convergent,Convergent,0.3633621085563707,0.0015047637688640181,0.0015047637688640181,,0,0.012021374736444922,0.028364267995148296,0.014468679013883783
280,280,1,Condition_Biased,Biased_Convergent,Convergent,Convergent,0.34968859938851243,0.0018203187092359885,0.0018203187092359885,,0,0.012068665050017306,0.025279296987755884,0.012291643005751429
281,281,2,Shared_Core,Shared_Core,Shared_Core,Divergent,0.1675576864539567,0.0016832269125392526,0.0016832269125392526,,0,0.040877455279608316,0.03764341958807876,0.02064598887449219
282,282,2,Shared_Core,Shared_Core,Shared_Core,Divergent,0.045736987797826804,0.001830856062532324,0.001830856062532324,,0,0.054412668524211755,0.046910694790909986,0.05239534023262206
283,283,2,Shared_Core,Shared_Core,Shared_Core,Divergent,0.09201726412457951,0.0018003161729632537,0.0018003161729632537,,0,0.06300994536921947,0.052326669230953686,0.052455451827318894
284,284,1,Condition_Biased,Biased_Random,Random,Convergent,0.3130610749081109,0.0016808920250839217,0.0016808920250839217,,0,0.019112996464272967,0.0415102996901054,0.024319927097253856
285,285,1,Condition_Biased,Biased_Convergent,Convergent,Convergent,0.388947254772046,0.0015667527765452793,0.0015667527765452793,,0,0.026354226726794983,0.06164292364164886,0.02788408590214593
286,286,1,Condition_Biased,Biased_Divergent,Divergent,Divergent,0.7275853613228113,0.0019066403275599178,0.0019066403275599178,,0,0.10982590893338501,0.01725649745250591,0.01737934280009497
287,287,3,Shared_Core,Shared_Core,Shared_Core,Random,0.34170214443584185,0.0018671667188154804,0.0018671667188154804,,0,0.07112443353587816,0.04489907564364863,0.11823598524289472
288,288,2,Shared_Core,Shared_Core,Shared_Core,Random,0.3525534712024563,0.0018807412325083136,0.0018807412325083136,,0,0.06478711954938869,0.044623763980155794,0.11428285095663297
289,289,1,Condition_Biased,Biased_Divergent,Divergent,Divergent,0.797876991080016,0.0017610550184816952,0.0017610550184816952,,0,0.11872761558254057,0.014861798384273895,0.011833668571142923
290,290,1,Condition_Biased,Biased_Divergent,Divergent,Divergent,0.7546099498586493,0.00196518644054293,0.00196518644054293,,0,0.11597018846888331,0.0187350811079295,0.01370281811271395
291,291,1,Condition_Biased,Biased_Divergent,Divergent,Divergent,0.7734032518848875,0.0019295260374235057,0.0019295260374235057,,0,0.10302363939677613,0.015209477582965234,0.011118230613924208
292,292,2,Shared_Core,Shared_Core,Shared_Core,Random,0.2433466970422164,0.001820602230198392,0.001820602230198392,,0,0.04490032866754361,0.033467250361079066,0.06438752739202408
293,293,1,Condition_Biased,Biased_Divergent,Divergent,Divergent,0.5483795860874922,0.0017305744661914597,0.0017305744661914597,,0,0.0556969203895846,0.016232409429821102,0.016258158729899497
294,294,1,Condition_Biased,Biased_Divergent,Divergent,Divergent,0.5577506461291085,0.0019508828564635124,0.0019508828564635124,,0,0.05935339668700825,0.016804743962682257,0.016896415333307924
295,295,1,Condition_Biased,Biased_Divergent,Divergent,Divergent,0.5500152197100332,0.0019142917310212729,0.0019142917310212729,,0,0.06602574132760114,0.019327020564238833,0.019008833595684598
296,296,1,Condition_Biased,Biased_Convergent,Convergent,Convergent,0.14390214164666376,0.0020496714228937073,0.0020496714228937073,,0,0.02669686178837899,0.03479982560707463,0.025391608175067675
297,297,1,Condition_Biased,Biased_Divergent,Divergent,Divergent,0.2512268049426802,0.0018836511721403815,0.0018836511721403815,,0,0.04876619940603993,0.040029936357203755,0.018336496963387443
298,298,2,Shared_Core,Shared_Core,Shared_Core,Divergent,0.2561206001332206,0.00171505643822117,0.00171505643822117,,0,0.038935187157294576,0.031702627677169415,0.014412504345888184
299,299,1,Condition_Biased,Biased_Convergent,Convergent,Convergent,0.20240261842879043,0.0018304863539584393,0.0018304863539584393,,0,0.02630978185616685,0.04069663736160205,0.027681337092958745
300,300,1,Condition_Biased,Biased_Convergent,Convergent,Convergent,0.3513761112185665,0.0018863663974465314,0.0018863663974465314,,0,0.030337519354269475,0.062069667865418725,0.029245995570506368
301,301,1,Condition_Biased,Biased_Random,Random,Random,0.47740396367069016,0.002368745578197898,0.002368745578197898,0.0,1,0.11599210385657564,0.06813476172586282,0.26026772317432223
302,302,1,Condition_Biased,Biased_Random,Random,Random,0.4358405990950641,0.002292066030233875,0.002292066030233875,0.0,1,0.09697715372224397,0.06078375697211184,0.20075843827355475
303,303,1,Condition_Biased,Biased_Random,Random,Random,0.4120238605335182,0.0024274393473846835,0.0024274393473846835,0.0,1,0.07525799513051781,0.04554335767346801,0.14505213825475602
304,304,2,Shared_Core,Shared_Core,Shared_Core,Random,0.3830625266614581,0.0022872014238278387,0.0022872014238278387,0.0,1,0.057228776885644546,0.032664460595697165,0.1007622113540059
305,305,1,Condition_Biased,Biased_Divergent,Divergent,Divergent,0.24013901844076493,0.0021829153640956153,0.0021829153640956153,,1,0.059288776989531104,0.013549088147666418,0.05910603778348083
306,306,1,Condition_Biased,Biased_Divergent,Divergent,Divergent,0.3008993384547182,0.0022755668544450166,0.0022755668544450166,0.00952380952380949,1,0.06706011310644165,0.013984754432293803,0.058091182651973904
307,307,1,Condition_Biased,Biased_Divergent,Divergent,Divergent,0.2819478104200274,0.002223333080745292,0.002223333080745292,,1,0.06150412669538949,0.012990562033585527,0.05590954838054521
308,308,1,Condition_Biased,Biased_Divergent,Divergent,Divergent,0.28827474599448283,0.002213561866965084,0.002213561866965084,,1,0.050293548036571045,0.01166057726368308,0.04391015927706446
309,309,1,Condition_Biased,Biased_Divergent,Divergent,Divergent,0.43658276421525355,0.0018092963620593237,0.0018092963620593237,,0,0.057147053905413,0.021266157724753473,0.02355915404457067
310,310,3,Shared_Core,Shared_Core,Shared_Core,Random,0.13704824540462546,0.0019948537781872295,0.0019948537781872295,,0,0.03524708179246147,0.03501149339394437,0.04628728617514883
311,311,3,Shared_Core,Shared_Core,Shared_Core,Random,0.25979225857538896,0.0020615409632997175,0.0020615409632997175,,0,0.032645941786625214,0.042429342071027165,0.06388697126614196
312,312,2,Shared_Core,Shared_Core,Shared_Core,Convergent,0.13890197784538735,0.0017760881028406653,0.0017760881028406653,,0,0.03472269869916424,0.03864064870515105,0.0237079420792205
313,313,3,Shared_Core,Shared_Core,Shared_Core,Random,0.24223964789355396,0.0021953949118652108,0.0021953949118652108,0.0,1,0.053904039054354536,0.07035179904690295,0.10184983164072037
314,314,1,Condition_Biased,Biased_Divergent,Divergent,Divergent,0.6325357219291908,0.0019507819511532527,0.0019507819511532527,,0,0.18431228675922764,0.03877087022093209,0.044202115280287606
315,315,1,Condition_Biased,Biased_Divergent,Divergent,Divergent,0.6586388942124685,0.002145713027623373,0.002145713027623373,,1,0.20647192479185916,0.04299734657009443,0.04198978933550063
316,316,1,Condition_Biased,Biased_Divergent,Divergent,Divergent,0.6834431384523441,0.001996983723935463,0.001996983723935463,,0,0.18247258649030818,0.03552970214925631,0.033095068094276245
317,317,1,Condition_Biased,Biased_Divergent,Divergent,Divergent,0.6929549813819117,0.002035901584995277,0.002035901584995277,,0,0.17625308376324328,0.03270584920590574,0.031226897949264164
318,318,1,Condition_Biased,Biased_Divergent,Divergent,Divergent,0.7389607533066809,0.0020550072424660483,0.0020550072424660483,,0,0.14696084802286535,0.0225165712110924,0.021604664978526887
319,319,1,Condition_Biased,Biased_Divergent,Divergent,Divergent,0.3934028607263382,0.0017499085714751928,0.0017499085714751928,,0,0.05021286645770576,0.01974468900248258,0.023974154996020455
320,320,1,Condition_Biased,Biased_Divergent,Divergent,Divergent,0.2783826495607166,0.0020777030190233755,0.0020777030190233755,,0,0.03384686610563206,0.016384406248107553,0.021827135261680397
321,321,1,Condition_Biased,Biased_Divergent,Divergent,Divergent,0.49674981553605735,0.0018082535151767842,0.0018082535151767842,,0,0.061462981292372765,0.03046144965584531,0.010869781992265156
322,322,1,Condition_Biased,Biased_Random,Random,Random,0.5449995220556969,0.0018719565393917272,0.0018719565393917272,,0,0.026425073439066735,0.023587389289098086,0.08491115367838314
323,323,1,Condition_Biased,Biased_Random,Random,Divergent,0.1862127512492639,0.002161350025038178,0.002161350025038178,,1,0.06391904742028642,0.02499170624886197,0.06271010894062264
324,324,2,Shared_Core,Shared_Core,Shared_Core,Convergent,0.3074907737158977,0.0018471639260823345,0.0018471639260823345,,0,0.03604684174178711,0.05004855354711639,0.01696934130131489
325,325,2,Shared_Core,Shared_Core,Shared_Core,Convergent,0.36990741817475103,0.001728580938963118,0.001728580938963118,,0,0.06075213188089367,0.08454371467726587,0.017020083600211712
326,326,2,Shared_Core,Shared_Core,Shared_Core,Convergent,0.35581533945044697,0.0017928192356481433,0.0017928192356481433,,0,0.06895174544485372,0.09289088345960611,0.01931821357991014
327,327,1,Condition_Biased,Biased_Convergent,Convergent,Convergent,0.23563614577874226,0.001993855036493488,0.001993855036493488,,0,0.026050027636693247,0.06445559210877752,0.05369436148376692
328,328,1,Condition_Biased,Biased_Convergent,Convergent,Convergent,0.2241249034004217,0.0019818388752464605,0.0019818388752464605,,0,0.028202643071768906,0.07006106735442323,0.0606095970031761
329,329,2,Shared_Core,Shared_Core,Shared_Core,Convergent,0.09945520752491575,0.0018040470862357464,0.0018040470862357464,,0,0.07887803205929476,0.10135895383516044,0.08716470878571272
330,330,1,Condition_Biased,Biased_Random,Random,Random,0.6072173771711433,0.0019231068075324742,0.0019231068075324742,,0,0.022228040253028335,0.021035497697691124,0.08851449370739006
331,331,1,Condition_Biased,Biased_Random,Random,Convergent,0.09883305636537677,0.0017589199427505012,0.0017589199427505012,,0,0.08293842054306204,0.10601018366375656,0.09094217515417508
332,332,1,Condition_Biased,Biased_Divergent,Divergent,Divergent,0.2903949633950525,0.0017833560536395967,0.0017833560536395967,,0,0.055140703035329905,0.029859038504931813,0.030786146427549066
333,333,1,Condition_Biased,Biased_Convergent,Convergent,Convergent,0.5015982737259101,0.0016221122516440368,0.0016221122516440368,,0,0.02700066682980848,0.09092599891521262,0.03335858586111239
334,334,2,Shared_Core,Shared_Core,Shared_Core,Random,0.2596605154548896,0.0016222687059819579,0.0016222687059819579,,0,0.011139162285607072,0.040240837919591654,0.04371059418966373
335,335,1,Condition_Biased,Biased_Convergent,Convergent,Convergent,0.37609935312682835,0.001860879247056079,0.001860879247056079,,0,0.043078521722416836,0.074719110983565,0.024674292157093682
336,336,3,Shared_Core,Shared_Core,Shared_Core,Convergent,0.24251489929264838,0.0018858361678569617,0.0018858361678569617,,0,0.1829675640675086,0.20394379495069234,0.06569647391637166
337,337,3,Shared_Core,Shared_Core,Shared_Core,Convergent,0.231455609153417,0.002336226397018734,0.002336226397018734,0.00952380952380949,1,0.16714709019484902,0.1847157599874819,0.06341300500290735
338,338,1,Condition_Biased,Biased_Convergent,Convergent,Convergent,0.4973723847519401,0.0019477114389095068,0.0019477114389095068,,0,0.02569546420441524,0.068042570729787,0.019984655729716732
339,339,3,Shared_Core,Shared_Core,Shared_Core,Convergent,0.1929164758227177,0.002340860836136829,0.002340860836136829,0.0,1,0.1027108183610037,0.10950271297961173,0.045460218404020585
340,340,1,Condition_Biased,Biased_Convergent,Convergent,Convergent,0.6271092647053558,0.0019294077652571465,0.0019294077652571465,,0,0.023445223277839457,0.0689736528397359,0.008168678358197212
341,341,1,Condition_Biased,Biased_Divergent,Divergent,Divergent,0.4488935259311442,0.0017900130532780875,0.0017900130532780875,,0,0.11305179898155547,0.053035413161992576,0.032966183516241254
342,342,1,Condition_Biased,Biased_Convergent,Convergent,Convergent,0.4603989780199792,0.001960231754952101,0.001960231754952101,,0,0.019606007387830172,0.06492963409747439,0.028375533879512832
343,343,1,Condition_Biased,Biased_Divergent,Divergent,Divergent,0.4741107466308881,0.0017523683310711688,0.0017523683310711688,,0,0.09779663957490385,0.0489263392919016,0.02085159548691341
344,344,1,Condition_Biased,Biased_Divergent,Divergent,Divergent,0.441310087168041,0.0018850940728262894,0.0018850940728262894,,0,0.07296481558400744,0.03325551759799698,0.02331066732073114
345,345,1,Condition_Biased,Biased_Convergent,Convergent,Convergent,0.6424891592536003,0.0015199653630465443,0.0015199653630465443,,0,0.04752007230157465,0.12259356364269149,0.0058483505710249855
346,346,1,Condition_Biased,Biased_Divergent,Divergent,Divergent,0.43907083966088783,0.0019388662615092123,0.0019388662615092123,,0,0.05836215182620136,0.031218364204496446,0.014279094178761755
347,347,2,Shared_Core,Shared_Core,Shared_Core,Divergent,0.09352217063937443,0.0019302681692389208,0.0019302681692389208,,0,0.05181127835363778,0.04794311478282466,0.037955052441074735
348,348,1,Condition_Biased,Biased_Convergent,Convergent,Convergent,0.7263159441930124,0.001915780160703678,0.001915780160703678,,0,0.054371128601458256,0.19458588364656376,0.007326794096401759
349,349,1,Condition_Biased,Biased_Divergent,Divergent,Random,0.19943197357653308,0.0017519552501660883,0.0017519552501660883,,0,0.05283992748534629,0.0458940105381036,0.07396288524780954
350,350,1,Condition_Biased,Biased_Convergent,Convergent,Convergent,0.7031426086266958,0.0018148466429775336,0.0018148466429775336,,0,0.03433014151644166,0.12444628516419066,0.00905178010552412
351,351,1,Condition_Biased,Biased_Convergent,Convergent,Convergent,0.5161584125764336,0.0021494155860058524,0.0021494155860058524,,1,0.01982713460859367,0.06257051769455876,0.020108294770831155
352,352,2,Shared_Core,Shared_Core,Shared_Core,Convergent,0.33150692126045656,0.0016736010873661525,0.0016736010873661525,,0,0.04296264793912444,0.05174464120463741,0.008994925776053042
353,353,1,Condition_Biased,Biased_Convergent,Convergent,Convergent,0.9291909240376104,0.0020005262812003368,0.0020005262812003368,,0,0.014837753106270158,0.3106378602861154,0.007965567778973353
354,354,2,Shared_Core,Shared_Core,Shared_Core,Convergent,0.275414650904903,0.002231002250777814,0.002231002250777814,-0.00952380952380949,1,0.03284414120427164,0.1167204627635503,0.09977772760958899
355,355,1,Condition_Biased,Biased_Convergent,Convergent,Convergent,0.8770069084455696,0.0021822042984586793,0.0021822042984586793,,1,0.01186161032457392,0.23063620864742934,0.018363808875992184
356,356,2,Shared_Core,Shared_Core,Shared_Core,Convergent,0.3481674524294102,0.002161058569408424,0.002161058569408424,,1,0.03817035361558576,0.11739748388980374,0.07535189595960436
357,357,2,Shared_Core,Shared_Core,Shared_Core,Convergent,0.6327892057890299,0.002107966172709705,0.002107966172709705,,0,0.023531353973512407,0.1612656522880901,0.04900524541735649
358,358,2,Shared_Core,Shared_Core,Shared_Core,Divergent,0.21611951139266583,0.001751986093755706,0.001751986093755706,,0,0.05435403731537645,0.031148267430112217,0.038922262528822534
359,359,1,Condition_Biased,Biased_Divergent,Divergent,Divergent,0.15451198660131737,0.0018308837137914207,0.0018308837137914207,,0,0.047671043231517454,0.030972599907956942,0.038849621266126635
360,360,2,Shared_Core,Shared_Core,Shared_Core,Divergent,0.3433846959789961,0.0017527926248200897,0.0017527926248200897,,0,0.04037885181409334,0.02715882867330102,0.01231366515359176
361,361,2,Shared_Core,Shared_Core,Shared_Core,Convergent,0.21986215492705385,0.0017468422233930256,0.0017468422233930256,,0,0.032239516519642734,0.04178541285606722,0.021206492620209853
362,362,1,Condition_Biased,Biased_Divergent,Divergent,Divergent,0.15500093808407994,0.0017539522110368026,0.0017539522110368026,,0,0.04564034091092583,0.03239611363993262,0.03438486286572048
363,363,2,Shared_Core,Shared_Core,Shared_Core,Convergent,0.6669068328033454,0.002010330272136645,0.002010330272136645,,0,0.01906730592219387,0.12025945238543279,0.028994890586251303
364,364,1,Condition_Biased,Biased_Convergent,Convergent,Convergent,0.42739189314238246,0.0018637479266354266,0.0018637479266354266,,0,0.026121251057157537,0.053283505583878114,0.016628840778555188
365,365,1,Condition_Biased,Biased_Convergent,Convergent,Convergent,0.40613529155878053,0.0019267148736510705,0.0019267148736510705,,0,0.02238540658196788,0.04473905633156649,0.015404622305539392
366,366,1,Condition_Biased,Biased_Random,Random,Random,0.22640799785959112,0.0017679009572621066,0.0017679009572621066,,0,0.03271326054091946,0.04001290642778681,0.0576479284802363
367,367,1,Condition_Biased,Biased_Random,Random,Random,0.4297439457549323,0.00200665994817818,0.00200665994817818,,0,0.04480777221499993,0.03018979686829779,0.09401681888848543
368,368,1,Condition_Biased,Biased_Random,Random,Random,0.7336997924439691,0.002003533466789475,0.002003533466789475,,0,0.01569735737643224,0.019985656978355512,0.11615393609695492
369,369,1,Condition_Biased,Biased_Random,Random,Random,0.7220850616171962,0.0018488899404681509,0.0018488899404681509,,0,0.013083842681241438,0.01665354584992835,0.09213306931335302
370,370,1,Condition_Biased,Biased_Random,Random,Random,0.7282663225453481,0.002050988901569598,0.002050988901569598,,0,0.01776903263737255,0.021334992314811157,0.1243536871015316
371,371,1,Condition_Biased,Biased_Random,Random,Random,0.7236087117385199,0.002031952354004271,0.002031952354004271,,0,0.018932514458517485,0.020730581727217545,0.12367187575215385
372,372,1,Condition_Biased,Biased_Random,Random,Random,0.6808871928518805,0.0019779182579564647,0.0019779182579564647,,0,0.013100988861813921,0.014312039757373206,0.07219736671873501
373,373,1,Condition_Biased,Biased_Random,Random,Random,0.3175811252335115,0.001749949307192423,0.001749949307192423,,0,0.031382623356511576,0.03283571072141499,0.06199481579741197
374,374,1,Condition_Biased,Biased_Random,Random,Random,0.35037896989311024,0.0016498014294503282,0.0016498014294503282,,0,0.040001655736238644,0.04140860327246665,0.08461448798965042
375,375,1,Condition_Biased,Biased_Random,Random,Random,0.30682738587593444,0.0017113410050295665,0.0017113410050295665,,0,0.04035783294816246,0.045140437551331944,0.08059426978053082
376,376,1,Condition_Biased,Biased_Random,Random,Random,0.4137384466546224,0.0018998399386788041,0.0018998399386788041,,0,0.03329002853278621,0.011780630566668933,0.054342744481705486
377,377,2,Shared_Core,Shared_Core,Shared_Core,Random,0.4299779708217373,0.0018913804640356183,0.0018913804640356183,,0,0.09933512222477656,0.1125088000312598,0.26571967974305155
378,378,2,Shared_Core,Shared_Core,Shared_Core,Random,0.35409893289382005,0.001914327511580001,0.001914327511580001,,0,0.07151510949219078,0.07278734461564307,0.15126139982825235
379,379,2,Shared_Core,Shared_Core,Shared_Core,Random,0.23015873191035477,0.0018237757760422959,0.0018237757760422959,,0,0.05322197129957787,0.05137593991527654,0.08357049638316745
380,380,1,Condition_Biased,Biased_Random,Random,Random,0.4282679676204678,0.0018948864718261371,0.0018948864718261371,,0,0.030647095398906664,0.010211609936592102,0.05103542982112794
381,381,2,Shared_Core,Shared_Core,Shared_Core,Divergent,0.1272695466495897,0.0018188631883415106,0.0018188631883415106,,0,0.09210792114321567,0.05526688222001975,0.08735275656162274
382,382,3,Shared_Core,Shared_Core,Shared_Core,Random,0.12974726103527123,0.0018011272247085352,0.0018011272247085352,,0,0.04763990475988715,0.04053682531935699,0.05723476343943427
383,383,1,Condition_Biased,Biased_Divergent,Divergent,Random,0.1763642521738353,0.0016930390583035932,0.0016930390583035932,,0,0.028315943233297454,0.022142206370416615,0.03603362504703303
384,384,1,Condition_Biased,Biased_Random,Random,Divergent,0.1415149363175303,0.0016531884422322967,0.0016531884422322967,,0,0.04742915206883527,0.03768592734228481,0.03365298788107577
385,385,2,Shared_Core,Shared_Core,Shared_Core,Divergent,0.10906503376475266,0.0018488429379602347,0.0018488429379602347,,0,0.04652201215331816,0.04420487619372028,0.030539320160945255
386,386,1,Condition_Biased,Biased_Divergent,Divergent,Divergent,0.19831653701171625,0.0018559498341817256,0.0018559498341817256,,0,0.043337958754838014,0.03123648084977623,0.026750409558770203
387,387,1,Condition_Biased,Biased_Divergent,Divergent,Divergent,0.17751828497996683,0.001703249699306478,0.001703249699306478,,0,0.0427365505376257,0.032093874969039905,0.027608011325909978
388,388,1,Condition_Biased,Biased_Divergent,Divergent,Divergent,0.182780961030651,0.001762193559220591,0.001762193559220591,,0,0.036460772390528445,0.022648290227134382,0.02773540439527659
389,389,1,Condition_Biased,Biased_Divergent,Divergent,Divergent,0.4898851755473431,0.0017742137850514635,0.0017742137850514635,,0,0.06481056139148174,0.03291261289268732,0.01146775774125542
390,390,1,Condition_Biased,Biased_Convergent,Convergent,Random,0.1146029564609462,0.001867284261738588,0.001867284261738588,,0,0.018889988194915313,0.021530348734666752,0.025442047368380287
391,391,2,Shared_Core,Shared_Core,Shared_Core,Convergent,0.32511696896033754,0.002227229283498621,0.002227229283498621,-0.00952380952380949,1,0.12053242602428807,0.13453218961755434,0.01650225699302696
392,392,2,Shared_Core,Shared_Core,Shared_Core,Convergent,0.33856208645480107,0.002221901965333923,0.002221901965333923,0.0,1,0.123882393356617,0.14049287002082123,0.014964077426564125
393,393,2,Shared_Core,Shared_Core,Shared_Core,Convergent,0.3001470105980676,0.0021076714960472772,0.0021076714960472772,,0,0.09131450483276811,0.09851156771559307,0.014740602157655217
394,394,2,Shared_Core,Shared_Core,Shared_Core,Convergent,0.3441920657055524,0.0021786770167048133,0.0021786770167048133,0.0,1,0.12780281188524473,0.144926183142069,0.013611117293614717
395,395,2,Shared_Core,Shared_Core,Shared_Core,Convergent,0.3652682822612061,0.002041847874345615,0.002041847874345615,,0,0.10432443119789855,0.12626654408740426,0.013081622194676172
396,396,2,Shared_Core,Shared_Core,Shared_Core,Convergent,0.32373436089620533,0.0020087300254602535,0.0020087300254602535,,0,0.08001688183265648,0.08913857085780814,0.011060836432235582
397,397,1,Condition_Biased,Biased_Convergent,Convergent,Convergent,0.248794511116869,0.0018580264282563581,0.0018580264282563581,,0,0.0465770198723875,0.048975188905994095,0.012344492670326005
398,398,1,Condition_Biased,Biased_Divergent,Divergent,Convergent,0.2111223582559118,0.0015872620277381493,0.0015872620277381493,,0,0.028109716571757436,0.031390125383481834,0.012782878495220628
399,399,1,Condition_Biased,Biased_Convergent,Convergent,Convergent,0.17541622479261557,0.001614663634388683,0.001614663634388683,,0,0.030561923104405152,0.03434783969817664,0.017629808013416116
400,400,1,Condition_Biased,Biased_Random,Random,Random,0.36130204277769645,0.001953515043161159,0.001953515043161159,,0,0.02395322589195856,0.021621149267718805,0.04856794146776554
401,401,1,Condition_Biased,Biased_Random,Random,Random,0.4565964565006983,0.0021635184298090947,0.0021635184298090947,,1,0.03339025907352064,0.022242389774570864,0.07456182440121968
402,402,2,Shared_Core,Shared_Core,Shared_Core,Random,0.5166673474469726,0.0020146984459881024,0.0020146984459881024,,0,0.06658019741234775,0.030284999850949252,0.15197843660910923
403,403,2,Shared_Core,Shared_Core,Shared_Core,Random,0.4730509605000829,0.001851801789151146,0.001851801789151146,,0,0.057596549265998324,0.029437449393850384,0.12164887466600963
404,404,2,Shared_Core,Shared_Core,Shared_Core,Random,0.5666801730687897,0.002017272048637069,0.002017272048637069,,0,0.07211416318446776,0.034670736753579345,0.19304192321641103
405,405,2,Shared_Core,Shared_Core,Shared_Core,Convergent,0.44515904195491496,0.0017838449958318592,0.0017838449958318592,,0,0.03680811751681038,0.055791414545077564,0.006031958900746845
406,406,1,Condition_Biased,Biased_Convergent,Convergent,Convergent,0.43099175271828283,0.0017562594855944744,0.0017562594855944744,,0,0.04234406295215467,0.056201724033488776,0.002351155486844835
407,407,2,Shared_Core,Shared_Core,Shared_Core,Convergent,0.29284601355562506,0.0019000288270502265,0.0019000288270502265,,0,0.0399681298683087,0.0474878448988264,0.011981164131845747
408,408,2,Shared_Core,Shared_Core,Shared_Core,Convergent,0.1920548055284121,0.001985365566772431,0.001985365566772431,,0,0.03357020700311107,0.03806007723324001,0.018022146568234476
409,409,1,Condition_Biased,Biased_Convergent,Convergent,Convergent,0.8107832365946664,0.001969288900485622,0.001969288900485622,,0,0.004705178586742546,0.07790420146075765,0.011575931771880104
410,410,1,Condition_Biased,Biased_Convergent,Convergent,Convergent,0.763841174430073,0.001953298159665644,0.001953298159665644,,0,0.011043931267181025,0.08898286793305717,0.012783712503455934
411,411,1,Condition_Biased,Biased_Convergent,Convergent,Convergent,0.6814994742887384,0.001990067009566625,0.001990067009566625,,0,0.014737232655035293,0.07852745883053902,0.0150112594522181
412,412,2,Shared_Core,Shared_Core,Shared_Core,Divergent,0.15709607479719337,0.001999683596889697,0.001999683596889697,,0,0.04733175756842024,0.037144254323922925,0.03181479775479862
413,413,1,Condition_Biased,Biased_Convergent,Convergent,Convergent,0.8093599258656625,0.0023221273730563417,0.0023221273730563417,0.0,1,0.01771660790413241,0.13931551075192414,0.011640866987761997
414,414,2,Shared_Core,Shared_Core,Shared_Core,Random,0.3571687332755585,0.001904827444058109,0.001904827444058109,,0,0.03801071612392297,0.034049027081992894,0.07606757439318157
415,415,1,Condition_Biased,Biased_Convergent,Convergent,Convergent,0.8853789454092813,0.0021477273415382333,0.0021477273415382333,,1,0.014754156931794646,0.19654315868110367,0.009143409310352235
416,416,2,Shared_Core,Shared_Core,Shared_Core,Random,0.3229991254579719,0.001795625613002286,0.001795625613002286,,0,0.03837310189562005,0.03645592282592046,0.07311566202413468
417,417,1,Condition_Biased,Biased_Convergent,Convergent,Convergent,0.8269497231132937,0.0021849156163604336,0.0021849156163604336,,1,0.01924628270829277,0.16450732793997636,0.011918273479455994
418,418,1,Condition_Biased,Biased_Random,Random,Random,0.766192495447647,0.0019663735292649747,0.0019663735292649747,,0,0.027089224735329927,0.024693899138858826,0.19558603337832858
419,419,1,Condition_Biased,Biased_Random,Random,Random,0.6395253404927264,0.002005537217621002,0.002005537217621002,,0,0.021271117007996464,0.047623323436563066,0.15667423208554584
420,420,1,Condition_Biased,Biased_Random,Random,Random,0.729859186198314,0.0022574264886025867,0.0022574264886025867,,1,0.02722327488195544,0.019042310690638994,0.14813190773129464
421,421,1,Condition_Biased,Biased_Random,Random,Random,0.706706227586358,0.0021035150801463286,0.0021035150801463286,,0,0.0175891908255056,0.026604507889862013,0.12858380898833274
422,422,1,Condition_Biased,Biased_Random,Random,Random,0.7092771273203878,0.001962973116353822,0.001962973116353822,,0,0.019196944161935195,0.024210178791874586,0.12760399920599802
423,423,1,Condition_Biased,Biased_Convergent,Convergent,Convergent,0.7201583362814888,0.0024332258437032477,0.0024332258437032477,0.0,1,0.01806158502487945,0.11377329599450935,0.01895652867498852
424,424,1,Condition_Biased,Biased_Convergent,Convergent,Convergent,0.5326766810084611,0.002339750607980892,0.002339750607980892,0.0,1,0.04131295844786781,0.10693518606701283,0.023897541181317396
425,425,1,Condition_Biased,Biased_Divergent,Divergent,Divergent,0.29063143141893083,0.001866510468445217,0.001866510468445217,,0,0.054877778216567724,0.034681605965350616,0.025643239737976165
426,426,2,Shared_Core,Shared_Core,Shared_Core,Convergent,0.3005926875506528,0.0017536598868910368,0.0017536598868910368,,0,0.106267259874723,0.12781561232839872,0.031201103223221643
427,427,2,Shared_Core,Shared_Core,Shared_Core,Convergent,0.3163039108238261,0.0016437771145636668,0.0016437771145636668,,0,0.10256954159917711,0.12559125213554562,0.027896146777839886
428,428,1,Condition_Biased,Biased_Divergent,Divergent,Divergent,0.152689522689154,0.00209978813130871,0.00209978813130871,,0,0.034638536117483666,0.020792579899819547,0.03013109727984383
429,429,2,Shared_Core,Shared_Core,Shared_Core,Convergent,0.2812023493633942,0.001949038664072662,0.001949038664072662,,0,0.10212791259184417,0.11950492400751271,0.031964658591009325
430,430,1,Condition_Biased,Biased_Convergent,Convergent,Convergent,0.1447761692029258,0.0020987848905864104,0.0020987848905864104,,0,0.031519670734960065,0.033922173115754066,0.0191645619060312
431,431,1,Condition_Biased,Biased_Convergent,Convergent,Divergent,0.32371227122635643,0.002279145841854974,0.002279145841854974,0.0,1,0.05487008629374615,0.04522352295015195,0.010842990662370409
432,432,1,Condition_Biased,Biased_Convergent,Convergent,Divergent,0.22723251628297975,0.002489854745803369,0.002489854745803369,0.0,1,0.04473357416595085,0.040424202512385266,0.015911742122400374
433,433,1,Condition_Biased,Biased_Convergent,Convergent,Divergent,0.30627449310793375,0.002056076292394934,0.002056076292394934,,0,0.05471274765986431,0.044171308082613076,0.01394148337699118
434,434,1,Condition_Biased,Biased_Convergent,Convergent,Divergent,0.16833001781961415,0.0016137653197203906,0.0016137653197203906,,0,0.04373577103521754,0.02999430862396504,0.03227187877609616
435,435,1,Condition_Biased,Biased_Convergent,Convergent,Convergent,0.5694544406716358,0.0019489211505151097,0.0019489211505151097,,0,0.00777495078956669,0.042257944919225396,0.015410138320709978
436,436,2,Shared_Core,Shared_Core,Shared_Core,Convergent,0.15123999223456538,0.0018002139527124705,0.0018002139527124705,,0,0.033564513902629836,0.05385395388278847,0.04584391982782455
437,437,3,Shared_Core,Shared_Core,Shared_Core,Convergent,0.11844755329241838,0.0018805492133226896,0.0018805492133226896,,0,0.06013578989146128,0.08506060835689006,0.07395254924361194
438,438,3,Shared_Core,Shared_Core,Shared_Core,Convergent,0.16277381997366247,0.0020166474700709387,0.0020166474700709387,,0,0.08597335404861828,0.13436001861430327,0.10751178158181054
439,439,1,Condition_Biased,Biased_Convergent,Convergent,Convergent,0.22107502424750394,0.0019917231410008234,0.0019917231410008234,,0,0.015039464545275088,0.031194690417385464,0.024758783710144814
440,440,1,Condition_Biased,Biased_Convergent,Convergent,Convergent,0.4031107729672839,0.0017020373287852492,0.0017020373287852492,,0,0.015727323173439202,0.03736203607651546,0.01606061155464323
441,441,2,Shared_Core,Shared_Core,Shared_Core,Convergent,0.2695613008773776,0.0019357417305255408,0.0019357417305255408,,0,0.018063389853366064,0.048148554785064225,0.037340894598691235
442,442,1,Condition_Biased,Biased_Divergent,Divergent,Divergent,0.7591707491734703,0.00214643240222984,0.00214643240222984,,1,0.09598951346637831,0.019823827056421175,0.006457968073941413
443,443,1,Condition_Biased,Biased_Convergent,Convergent,Convergent,0.48051540259424524,0.001679672157215805,0.001679672157215805,,0,0.0295833282895732,0.06667192350847251,0.017204482605059943
444,444,1,Condition_Biased,Biased_Convergent,Convergent,Convergent,0.552538872425243,0.0019068397937960849,0.0019068397937960849,,0,0.020668918211877597,0.05919508411163332,0.013452609504262606
445,445,1,Condition_Biased,Biased_Convergent,Convergent,Convergent,0.3107499849586699,0.001997508508113173,0.001997508508113173,,0,0.05779835591210595,0.07915601980016389,0.025449080233063016
446,446,1,Condition_Biased,Biased_Convergent,Convergent,Convergent,0.16603610618576728,0.001680050160459487,0.001680050160459487,,0,0.03173983050117324,0.0429995839926179,0.029767871204586255
447,447,1,Condition_Biased,Biased_Random,Random,Random,0.30400835188261455,0.0019347923190800172,0.0019347923190800172,,0,0.03743895246816272,0.012265290039582084,0.046562877248617865
448,448,1,Condition_Biased,Biased_Convergent,Convergent,Convergent,0.6597357296188507,0.0019384995259049934,0.0019384995259049934,,0,0.01140597231198841,0.06401564393926298,0.014841864603970733
449,449,1,Condition_Biased,Biased_Convergent,Convergent,Divergent,0.05876390818624819,0.0020981668783436516,0.0020981668783436516,,0,0.0415800690085073,0.03570704568516125,0.03822192251682281
450,450,1,Condition_Biased,Biased_Convergent,Convergent,Convergent,0.09411941836663196,0.0019603889656694524,0.0019603889656694524,,0,0.025958680663697956,0.033565581665665964,0.02962283654848025
451,451,1,Condition_Biased,Biased_Convergent,Convergent,Convergent,0.3636536579355916,0.0023055615832103097,0.0023055615832103097,-0.00952380952380949,1,0.026036267526416336,0.05541309049221301,0.025680555483060225
452,452,1,Condition_Biased,Biased_Convergent,Convergent,Convergent,0.4153424983942288,0.0016933611309288593,0.0016933611309288593,,0,0.024604380908834784,0.045037915125827895,0.012604640885477974
453,453,1,Condition_Biased,Biased_Convergent,Convergent,Convergent,0.3485273516948492,0.001807433334078171,0.001807433334078171,,0,0.06526630261779334,0.08774299912079415,0.019510864022941818
454,454,1,Condition_Biased,Biased_Divergent,Divergent,Divergent,0.7573700792840107,0.0021286472793760587,0.0021286472793760587,,0,0.08214094410434303,0.017555515521742178,0.005125934435498147
455,455,1,Condition_Biased,Biased_Divergent,Divergent,Divergent,0.41504189551451404,0.001921831392515613,0.001921831392515613,,0,0.05008694013769302,0.02647329480716526,0.014937156225953784
456,456,1,Condition_Biased,Biased_Convergent,Convergent,Convergent,0.23871475680189141,0.0017353938710707854,0.0017353938710707854,,0,0.03451725881633188,0.04738010215864639,0.023720156046606246
457,457,1,Condition_Biased,Biased_Divergent,Divergent,Divergent,0.32815770303768943,0.001814277719802756,0.001814277719802756,,0,0.05603137540823548,0.03606137197765738,0.02062504089304379
458,458,1,Condition_Biased,Biased_Divergent,Divergent,Divergent,0.28294662432213213,0.001844109414834532,0.001844109414834532,,0,0.0513726027155853,0.03709727865314544,0.020328178487363315
459,459,3,Shared_Core,Shared_Core,Shared_Core,Random,0.13361710170545976,0.0025340983407383926,0.0025340983407383926,0.00952380952380949,1,0.14514326382789933,0.11995080235705834,0.17343092042775382
460,460,1,Condition_Biased,Biased_Convergent,Convergent,Convergent,0.6481953867591949,0.0022314794191227822,0.0022314794191227822,,1,0.016002019026359927,0.059806262095919764,0.009529078893718266
461,461,3,Shared_Core,Shared_Core,Shared_Core,Random,0.13685235332858833,0.0023859447551827584,0.0023859447551827584,0.0,1,0.18042031541969705,0.13640470140510136,0.20864522272632235
462,462,3,Shared_Core,Shared_Core,Shared_Core,Random,0.15295125001408105,0.002394742132409426,0.002394742132409426,0.0,1,0.1957203089750769,0.14254468713294377,0.23021287151745387
463,463,3,Shared_Core,Shared_Core,Shared_Core,Random,0.10041677025291916,0.0026662262982420394,0.0026662262982420394,0.00952380952380949,1,0.11542668313825433,0.08448929969936309,0.12227378906238646
464,464,3,Shared_Core,Shared_Core,Shared_Core,Random,0.10872176375073155,0.0023890987033967554,0.0023890987033967554,0.0,1,0.08444745760835425,0.06403936870922947,0.09235644340515137
465,465,1,Condition_Biased,Biased_Convergent,Convergent,Convergent,0.41006496464003184,0.0020888434754914604,0.0020888434754914604,,0,0.034474439321690975,0.06980722651562908,0.023936668925342106
466,466,3,Shared_Core,Shared_Core,Shared_Core,Random,0.09607895440384977,0.002391741522445254,0.002391741522445254,0.0,1,0.08441323605424995,0.06673405614841466,0.09163929018236341
467,467,1,Condition_Biased,Biased_Random,Random,Convergent,0.11556657900997101,0.001845673541560183,0.001845673541560183,,0,0.02629754115053244,0.04042964374571286,0.03780858895430962
468,468,1,Condition_Biased,Biased_Random,Random,Random,0.17339759537403837,0.00193387712561276,0.00193387712561276,,0,0.021252417426069075,0.041339580884504346,0.04442601418566136
469,469,1,Condition_Biased,Biased_Random,Random,Random,0.2052847348387325,0.0020335538793187636,0.0020335538793187636,,0,0.019839854284193572,0.05266962383845539,0.054984829752218155
470,470,1,Condition_Biased,Biased_Random,Random,Random,0.21093134592489093,0.0020482323744997507,0.0020482323744997507,,0,0.01961154576375263,0.056098723200836566,0.05809376498772984
471,471,2,Shared_Core,Shared_Core,Shared_Core,Convergent,0.20617148514250827,0.0018745023448897924,0.0018745023448897924,,0,0.019730959853888314,0.05367905236874716,0.05092559760170323
472,472,1,Condition_Biased,Biased_Convergent,Convergent,Convergent,0.7972481863525779,0.002140921717201762,0.002140921717201762,,1,0.018615007824912856,0.13039566956535734,0.010805479224239077
473,473,1,Condition_Biased,Biased_Convergent,Convergent,Convergent,0.7710518610900121,0.0024590622516603476,0.0024590622516603476,-0.00952380952380949,1,0.021114183802016174,0.13900815633436045,0.014825654420114699
474,474,1,Condition_Biased,Biased_Convergent,Convergent,Convergent,0.803160376629968,0.002062242987417068,0.002062242987417068,,0,0.016155784603852762,0.13589972479626386,0.01351484368954386
475,475,1,Condition_Biased,Biased_Convergent,Convergent,Convergent,0.7581719724808395,0.002231343221638423,0.002231343221638423,,1,0.01836084435352042,0.09343023898286952,0.0073409080993206725
476,476,2,Shared_Core,Shared_Core,Shared_Core,Convergent,0.3752449744443808,0.0018586197553238366,0.0018586197553238366,,0,0.07900850843040878,0.14507235975635022,0.05280027838335151
477,477,1,Condition_Biased,Biased_Convergent,Convergent,Convergent,0.35707291232051114,0.00201685277186378,0.00201685277186378,,0,0.044615239309705006,0.07346208886516215,0.02499158346271586
478,478,1,Condition_Biased,Biased_Convergent,Convergent,Convergent,0.7450622847815225,0.0019092268976745907,0.0019092268976745907,,0,0.00842246740962131,0.09859639142505881,0.02038560319869291
479,479,1,Condition_Biased,Biased_Convergent,Convergent,Convergent,0.6452544751122721,0.0019397249200875815,0.0019397249200875815,,0,0.01791317105088933,0.08319186923479793,0.017962061338836238
480,480,1,Condition_Biased,Biased_Convergent,Convergent,Convergent,0.38455977325934776,0.0019100197858768358,0.0019100197858768358,,0,0.09619247307018515,0.1744087412712315,0.058857756390768505
481,481,1,Condition_Biased,Biased_Convergent,Convergent,Convergent,0.3835707800591515,0.0019705572858558333,0.0019705572858558333,,0,0.06174943736019517,0.1184944576781356,0.04383742117456028
482,482,1,Condition_Biased,Biased_Convergent,Convergent,Convergent,0.721741402659647,0.0021710783785408717,0.0021710783785408717,,1,0.04686112720755082,0.22565768610196885,0.026078039052940552
483,483,1,Condition_Biased,Biased_Convergent,Convergent,Convergent,0.7344977595883025,0.0020786813355608913,0.0020786813355608913,,0,0.04737765227251918,0.24125632944733205,0.0264813027211598
484,484,1,Condition_Biased,Biased_Convergent,Convergent,Convergent,0.7602640789933672,0.002726869203611292,0.002726869203611292,0.0,1,0.026257302698518153,0.14365516642503667,0.012872398396333059
485,485,1,Condition_Biased,Biased_Convergent,Convergent,Convergent,0.7717975425533218,0.0020640549904923063,0.0020640549904923063,,0,0.030929574389246445,0.15453728939397166,0.008878347632430849
486,486,1,Condition_Biased,Biased_Convergent,Convergent,Convergent,0.7913818819906883,0.0021104834849386407,0.0021104834849386407,,0,0.024883122100860258,0.1265961184269852,0.004602767243271782
487,487,1,Condition_Biased,Biased_Divergent,Divergent,Divergent,0.4801432975849174,0.002046193696280092,0.002046193696280092,,0,0.07515982026037787,0.04457066888271859,0.00822467380868537
488,488,2,Shared_Core,Shared_Core,Shared_Core,Divergent,0.17655523560586994,0.001937007668627877,0.001937007668627877,,0,0.08089417535595533,0.06896750553219456,0.04426455217457953
489,489,2,Shared_Core,Shared_Core,Shared_Core,Divergent,0.12681979223617887,0.0020145770757074646,0.0020145770757074646,,0,0.10747791034511373,0.09925090478300447,0.06731980107724667
490,490,2,Shared_Core,Shared_Core,Shared_Core,Divergent,0.17055435350466344,0.0019410775110132736,0.0019410775110132736,,0,0.11295051341444128,0.09428422455911083,0.06578747367575055
491,491,3,Shared_Core,Shared_Core,Shared_Core,Divergent,0.2549262663726413,0.002074557494900071,0.002074557494900071,,0,0.10736872769797905,0.07189256972586265,0.055601165904885244
492,492,2,Shared_Core,Shared_Core,Shared_Core,Divergent,0.3101675343771241,0.0021055008206060234,0.0021055008206060234,,0,0.10260760246575633,0.06101828696902352,0.047032101310434796
493,493,1,Condition_Biased,Biased_Divergent,Divergent,Divergent,0.11783890504494605,0.0018897972846892144,0.0018897972846892144,,0,0.10367234532214419,0.09491479308391461,0.06871470532246998
494,494,1,Condition_Biased,Biased_Convergent,Convergent,Convergent,0.36629298561812573,0.001894759062835527,0.001894759062835527,,0,0.03455465308190146,0.06409491373301306,0.024901696099411872
495,495,1,Condition_Biased,Biased_Random,Random,Random,0.27508339816157984,0.0017819932727597965,0.0017819932727597965,,0,0.043391865740023274,0.03137976826154486,0.06575933626542489
496,496,1,Condition_Biased,Biased_Random,Random,Random,0.24782138846856777,0.001671631758971173,0.001671631758971173,,0,0.03207674952821201,0.023480403180601017,0.046083072803559756
497,497,1,Condition_Biased,Biased_Convergent,Convergent,Convergent,0.4470754372746643,0.001805632082514468,0.001805632082514468,,0,0.03581080443269027,0.07463096836911082,0.021221876086755877
498,498,1,Condition_Biased,Biased_Convergent,Convergent,Convergent,0.3328669486301873,0.0019034832130794181,0.0019034832130794181,,0,0.035362222911750715,0.0606468478029575,0.025348287874034474
499,499,1,Condition_Biased,Biased_Convergent,Convergent,Divergent,0.13208972746925224,0.0017073688280945846,0.0017073688280945846,,0,0.04572142105950396,0.041540775862005025,0.028563368799430982
500,500,2,Shared_Core,Shared_Core,Shared_Core,Convergent,0.30355161082265164,0.0018322684490344595,0.0018322684490344595,,0,0.03671856017052373,0.05550569090333701,0.02259147972134607
501,501,2,Shared_Core,Shared_Core,Shared_Core,Convergent,0.06562526862780678,0.0018303739564739117,0.0018303739564739117,,0,0.03634553265125188,0.04517195096170069,0.042870925118525825
502,502,1,Condition_Biased,Biased_Random,Random,Random,0.08614537142762894,0.0018295286069543735,0.0018295286069543735,,0,0.04093170073669294,0.05223823972798959,0.05536772284568066
503,503,2,Shared_Core,Shared_Core,Shared_Core,Divergent,0.30012947931292083,0.0016005803416143417,0.0016005803416143417,,0,0.087049158242873,0.05423399687020315,0.03948457604717641
504,504,2,Shared_Core,Shared_Core,Shared_Core,Divergent,0.012257181027486321,0.0018175760262748705,0.0018175760262748705,,0,0.05158576669509401,0.05157338803859823,0.04909958631864616
505,505,1,Condition_Biased,Biased_Divergent,Divergent,Divergent,0.5910133454872464,0.0017938753791474332,0.0017938753791474332,,0,0.12002012932099371,0.04538768313524097,0.016317181005364372
506,506,1,Condition_Biased,Biased_Divergent,Divergent,Divergent,0.5143916319079499,0.0017895718636633993,0.0017895718636633993,,0,0.09042126573779412,0.048465535496220444,0.009523854262772061
507,507,1,Condition_Biased,Biased_Divergent,Divergent,Divergent,0.2559054565551712,0.00173357685752077,0.00173357685752077,,0,0.03320668553658427,0.026468394173666684,0.01287997139706498
508,508,1,Condition_Biased,Biased_Convergent,Convergent,Convergent,0.8414891819563388,0.0018778901238724476,0.0018778901238724476,,0,0.0074999038157552355,0.059189929904397386,0.0026899406863819986
509,509,1,Condition_Biased,Biased_Convergent,Convergent,Convergent,0.6027659287369787,0.001898734085093772,0.001898734085093772,,0,0.04826445650419354,0.120663232000714,0.011546581451381956
510,510,1,Condition_Biased,Biased_Convergent,Convergent,Convergent,0.5825709184199102,0.0019671298282045013,0.0019671298282045013,,0,0.038907938766517214,0.0957772099422385,0.011617686741408848
511,511,1,Condition_Biased,Biased_Convergent,Convergent,Convergent,0.24128710701281028,0.0018432621196767262,0.0018432621196767262,,0,0.019836219228049623,0.04808581244633204,0.03894683856162287
512,512,1,Condition_Biased,Biased_Convergent,Convergent,Convergent,0.4274578345493376,0.0018145049612405715,0.0018145049612405715,,0,0.03559990225945313,0.051616993083646805,0.005806441631700312
