rank,edge_idx,neuron_i_local,neuron_j_local,neuron_i_global,neuron_j_global,layer_i,layer_j,layer_pair,strength_decile,corr_mean,edge_importance,edge_importance_raw
1,11595,76,82,76,82,DepthLow,DepthLow,DepthLow--DepthLow,10,0.9217383861933565,0.000438519897079277,0.01786580590060928
2,2215,12,14,12,14,DepthHigh,DepthHigh,DepthHigh--DepthHigh,10,0.8639251005845707,0.0004287907605485018,0.017469429667747186
3,11682,76,169,76,169,DepthLow,DepthLow,DepthLow--DepthLow,10,0.8573387966223058,0.0004276292546585782,0.01742210857942257
4,8670,52,169,52,169,DepthHigh,DepthLow,DepthHigh--DepthLow,10,0.41863593596317933,0.0003915605699541431,0.015952628803677718
5,18069,178,181,178,181,DepthLow,DepthLow,DepthLow--DepthLow,10,0.6948841644007064,0.0003798908026217435,0.015477189035825564
6,8807,53,169,53,169,DepthHigh,DepthLow,DepthHigh--DepthLow,10,0.40842645653720844,0.0003694921136574458,0.015053534465316154
7,8720,53,82,53,82,DepthHigh,DepthLow,DepthHigh--DepthLow,10,0.42486430221403865,0.0003541254470308291,0.014427478760389105
8,12345,82,169,82,169,DepthLow,DepthLow,DepthLow--DepthLow,10,0.9193303038040753,0.0003466908767351129,0.014124585799904605
9,15064,112,113,112,113,DepthHigh,DepthHigh,DepthHigh--DepthHigh,10,0.795109243725694,0.00033244070353425313,0.013544017323645479
10,17595,157,169,157,169,DepthMid,DepthLow,DepthLow--DepthMid,10,0.39448016503293315,0.0003298530752730704,0.013438594366636839
11,12333,82,157,82,157,DepthLow,DepthMid,DepthLow--DepthMid,10,0.40578319219317527,0.0003219731463190351,0.013117556981238714
12,2035,11,12,11,12,DepthHigh,DepthHigh,DepthHigh--DepthHigh,10,0.9079528597432072,0.0003195508755734718,0.013018870879953019
13,18124,184,185,184,185,DepthMid,DepthMid,DepthMid--DepthMid,10,0.9311506259814863,0.0003124013353389549,0.012727590372593547
14,2581,14,27,14,27,DepthHigh,DepthLow,DepthHigh--DepthLow,10,0.32534020915502715,0.00031169185568382556,0.012698685353931006
15,11697,76,184,76,184,DepthLow,DepthMid,DepthLow--DepthMid,10,0.29950558578324055,0.0003088292820736114,0.012582060806591374
16,8795,53,157,53,157,DepthHigh,DepthMid,DepthHigh--DepthMid,10,0.38658424275457987,0.00030697518245671886,0.012506522651774632
17,18110,182,184,182,184,DepthMid,DepthMid,DepthMid--DepthMid,10,0.8545790993605632,0.00030693661114564543,0.012504951212116911
18,18111,182,185,182,185,DepthMid,DepthMid,DepthMid--DepthMid,10,0.8953419421632026,0.0003059155117900263,0.012463350447786186
19,17613,157,187,157,187,DepthMid,DepthMid,DepthMid--DepthMid,10,0.2894230069946956,0.00029764232578128913,0.012126291316840954
20,12360,82,184,82,184,DepthLow,DepthMid,DepthLow--DepthMid,9,0.25437197296617475,0.0002970778886216441,0.012103295496572651
21,18080,179,181,179,181,DepthLow,DepthLow,DepthLow--DepthLow,10,0.8334397834431806,0.0002945818915277993,0.012001605698905262
22,8692,53,54,53,54,DepthHigh,DepthLow,DepthHigh--DepthLow,8,0.21251479229806566,0.00029358213330364993,0.011960874396861373
23,9596,59,157,59,157,DepthMid,DepthMid,DepthMid--DepthMid,5,0.15277154789495095,0.000290400060205849,0.011831233072247581
24,5589,32,38,32,38,DepthHigh,DepthHigh,DepthHigh--DepthHigh,10,0.920732817087481,0.00028939092029548987,0.011790119549497265
25,6682,39,53,39,53,DepthMid,DepthHigh,DepthHigh--DepthMid,8,0.21005155600544156,0.00028719623535945077,0.011700705556332031
26,9515,59,76,59,76,DepthMid,DepthLow,DepthLow--DepthMid,9,0.25605430315050476,0.00028541714496931124,0.011628223363844137
27,18090,180,181,180,181,DepthLow,DepthLow,DepthLow--DepthLow,10,0.889936742445849,0.00028503995977083486,0.01161285640423878
28,11670,76,157,76,157,DepthLow,DepthMid,DepthLow--DepthMid,10,0.37245351299706875,0.00028358699526937533,0.011553660956240993
29,9521,59,82,59,82,DepthMid,DepthLow,DepthLow--DepthMid,10,0.2788482986946921,0.0002758482761578645,0.011238376622539271
30,8856,54,82,54,82,DepthLow,DepthLow,DepthLow--DepthLow,9,0.24141512597670736,0.00027570230585227483,0.01123242962409225
31,6681,39,52,39,52,DepthMid,DepthHigh,DepthHigh--DepthMid,6,0.17670320381986898,0.0002753632691245489,0.011218616877142632
32,8820,53,182,53,182,DepthHigh,DepthMid,DepthHigh--DepthMid,8,0.2270177548105578,0.0002740115258431545,0.011163545298284536
33,9608,59,169,59,169,DepthMid,DepthLow,DepthLow--DepthMid,10,0.2763227438727107,0.0002732280221284258,0.011131624454138168
34,8943,54,169,54,169,DepthLow,DepthLow,DepthLow--DepthLow,10,0.2809136399874747,0.00027201416699763474,0.01108217059742012
35,8822,53,184,53,184,DepthHigh,DepthMid,DepthHigh--DepthMid,9,0.23344740818924384,0.0002707120041610976,0.011029118983015602
36,8931,54,157,54,157,DepthLow,DepthMid,DepthLow--DepthMid,7,0.20267076884615443,0.0002685715292724039,0.010941913569643863
37,6798,39,169,39,169,DepthMid,DepthLow,DepthLow--DepthMid,6,0.17641866594866298,0.00026760077281475484,0.010902363832985084
38,17931,169,187,169,187,DepthLow,DepthMid,DepthLow--DepthMid,10,0.3082312565817716,0.0002665379776767739,0.010859064334436112
39,8714,53,76,53,76,DepthHigh,DepthLow,DepthHigh--DepthLow,10,0.36436684630618676,0.000265903459834895,0.01083321334642169
40,8825,53,187,53,187,DepthHigh,DepthMid,DepthHigh--DepthMid,10,0.30252509036821007,0.00026454376599151783,0.01077781785250722
41,8961,54,187,54,187,DepthLow,DepthMid,DepthLow--DepthMid,5,0.1432829246739678,0.00026363417701923705,0.010740760149683838
42,8833,54,59,54,59,DepthLow,DepthMid,DepthLow--DepthMid,8,0.22417341825195608,0.00026345078520416344,0.010733288555820737
43,6711,39,82,39,82,DepthMid,DepthLow,DepthLow--DepthMid,6,0.17486519625994082,0.0002631193190153067,0.010719784241347959
44,2735,14,181,14,181,DepthHigh,DepthLow,DepthHigh--DepthLow,6,0.16263164100993507,0.00026265163076434205,0.010700730083100221
45,8850,54,76,54,76,DepthLow,DepthLow,DepthLow--DepthLow,9,0.2692952096381845,0.00026172749859622416,0.010663079873720739
46,12361,82,185,82,185,DepthLow,DepthMid,DepthLow--DepthMid,8,0.21035534099615905,0.000259525696869207,0.01057337593429059
47,18126,184,187,184,187,DepthMid,DepthMid,DepthMid--DepthMid,8,0.22212793497619077,0.00025917890732502874,0.01055924732866536
48,17928,169,184,169,184,DepthLow,DepthMid,DepthLow--DepthMid,8,0.22845375257518497,0.00025704769176912163,0.010472419151180606
49,6523,38,45,38,45,DepthHigh,DepthHigh,DepthHigh--DepthHigh,10,0.9342554445037331,0.0002569348268800862,0.010467820905550405
50,11700,76,187,76,187,DepthLow,DepthMid,DepthLow--DepthMid,10,0.3222328255484562,0.00025541004264920206,0.010405699439020094
51,17929,169,185,169,185,DepthLow,DepthMid,DepthLow--DepthMid,8,0.22225283900398204,0.00025460238931869164,0.010372794711699884
52,2718,14,164,14,164,DepthHigh,DepthMid,DepthHigh--DepthMid,10,0.27422634988315503,0.0002544839011441314,0.010367967366937856
53,8823,53,185,53,185,DepthHigh,DepthMid,DepthHigh--DepthMid,8,0.2062868006536748,0.00025447993877835204,0.010367805935590288
54,8956,54,182,54,182,DepthLow,DepthMid,DepthLow--DepthMid,6,0.1723080629005037,0.00025333632876733774,0.010321213945993333
55,11698,76,185,76,185,DepthLow,DepthMid,DepthLow--DepthMid,9,0.24815123886303916,0.0002526795795865567,0.01029445722761552
56,17611,157,185,157,185,DepthMid,DepthMid,DepthMid--DepthMid,4,0.1265690582731055,0.0002513876914164402,0.010241824214960175
57,17926,169,182,169,182,DepthLow,DepthMid,DepthLow--DepthMid,9,0.24601869335479812,0.00025072194136437233,0.010214700790714694
58,17610,157,184,157,184,DepthMid,DepthMid,DepthMid--DepthMid,4,0.1318034209281257,0.0002505814833640788,0.010208978369937106
59,12358,82,182,82,182,DepthLow,DepthMid,DepthLow--DepthMid,8,0.2134213594782374,0.0002501847218274113,0.010192813847756605
60,8959,54,185,54,185,DepthLow,DepthMid,DepthLow--DepthMid,6,0.17263293894229556,0.00024990104668524445,0.010181256595594192
61,8958,54,184,54,184,DepthLow,DepthMid,DepthLow--DepthMid,7,0.18247576323528752,0.00024989670823425715,0.010181079842101901
62,2037,11,14,11,14,DepthHigh,DepthHigh,DepthHigh--DepthHigh,10,0.8009083181555778,0.00024939216529121846,0.010160524181232486
63,18068,178,180,178,180,DepthLow,DepthLow,DepthLow--DepthLow,10,0.6382350913701408,0.00024812363333992076,0.010108842727844505
64,11695,76,182,76,182,DepthLow,DepthMid,DepthLow--DepthMid,9,0.24864340381820013,0.0002481114041717619,0.010108344497442402
65,17608,157,182,157,182,DepthMid,DepthMid,DepthMid--DepthMid,5,0.14191036407706156,0.0002480890649385672,0.010107434371341206
66,18067,178,179,178,179,DepthLow,DepthLow,DepthLow--DepthLow,10,0.806979150277455,0.00024743497945851363,0.010080786175200333
67,8682,52,181,52,181,DepthHigh,DepthLow,DepthHigh--DepthLow,8,0.2209102983426931,0.00024691882071842947,0.010059757273374745
68,8583,52,82,52,82,DepthHigh,DepthLow,DepthHigh--DepthLow,10,0.3868493505739512,0.0002448753736019818,0.009976504883246565
69,18113,182,187,182,187,DepthMid,DepthMid,DepthMid--DepthMid,8,0.2135160192111313,0.00024444769122052896,0.009959080610220328
70,9626,59,187,59,187,DepthMid,DepthMid,DepthMid--DepthMid,7,0.19688620481300606,0.00024426866538759215,0.009951786891500272
71,12363,82,187,82,187,DepthLow,DepthMid,DepthLow--DepthMid,10,0.3284753441973522,0.0002411780960055934,0.009825873533705305
72,2732,14,178,14,178,DepthHigh,DepthLow,DepthHigh--DepthLow,7,0.20383844903877502,0.00023966026128687288,0.009764035198308258
73,18131,185,187,185,187,DepthMid,DepthMid,DepthMid--DepthMid,7,0.19117980638096946,0.00023963471153543226,0.009762994271994339
74,4915,27,164,27,164,DepthLow,DepthMid,DepthLow--DepthMid,10,0.3588748672493877,0.00023941230353781803,0.00975393311389733
75,14579,106,111,106,111,DepthMid,DepthMid,DepthMid--DepthMid,10,0.9515705013682066,0.0002357465863162583,0.009604587570392682
76,9624,59,185,59,185,DepthMid,DepthMid,DepthMid--DepthMid,8,0.2174257156633248,0.0002356192259767195,0.009599398763406293
77,11694,76,181,76,181,DepthLow,DepthLow,DepthLow--DepthLow,9,0.23929478770844362,0.0002354127063328333,0.009590984915147848
78,9224,56,181,56,181,DepthLow,DepthLow,DepthLow--DepthLow,8,0.2166446987395146,0.0002347600097724746,0.009564393305195757
79,9621,59,182,59,182,DepthMid,DepthMid,DepthMid--DepthMid,9,0.23454142051850688,0.00023464854774341988,0.009559852213697644
80,17925,169,181,169,181,DepthLow,DepthLow,DepthLow--DepthLow,9,0.24954409593537866,0.00023259864422370385,0.009476336782260786
81,2606,14,52,14,52,DepthHigh,DepthHigh,DepthHigh--DepthHigh,10,0.401091760771606,0.00023142513774702565,0.009428526776203865
82,9623,59,184,59,184,DepthMid,DepthMid,DepthMid--DepthMid,8,0.21279653985986166,0.00023137182904424609,0.009426354918226573
83,18029,175,180,175,180,DepthLow,DepthLow,DepthLow--DepthLow,10,0.6602152451301057,0.0002304509320342198,0.009388836512915522
84,10863,69,169,69,169,DepthLow,DepthLow,DepthLow--DepthLow,10,0.5763469824256876,0.00023031655394662977,0.009383361794787179
85,0,0,1,0,1,DepthMid,DepthMid,DepthMid--DepthMid,10,0.7881588822279524,0.00022963172656852333,0.009355461138296646
86,18030,175,181,175,181,DepthLow,DepthLow,DepthLow--DepthLow,10,0.5749450421974109,0.00022914348075363556,0.009335569441206804
87,8679,52,178,52,178,DepthHigh,DepthLow,DepthHigh--DepthLow,8,0.2239397835406659,0.00022823600193574658,0.009298597708504814
88,16768,138,140,138,140,DepthHigh,DepthHigh,DepthHigh--DepthHigh,10,0.8639577519864647,0.0002266611888888535,0.009234438010363564
89,8697,53,59,53,59,DepthHigh,DepthMid,DepthHigh--DepthMid,8,0.2123767383653685,0.000225759167345139,0.0091976886132997
90,18079,179,180,179,180,DepthLow,DepthLow,DepthLow--DepthLow,10,0.7556825362939285,0.00022299293374365098,0.009084989068925334
91,14577,106,109,106,109,DepthMid,DepthMid,DepthMid--DepthMid,10,0.9244882044632466,0.000221166486877481,0.009010577519036481
92,10875,69,181,69,181,DepthLow,DepthLow,DepthLow--DepthLow,6,0.18122431126079774,0.00022024295228644948,0.00897295165563607
93,10770,69,76,69,76,DepthLow,DepthLow,DepthLow--DepthLow,10,0.5610195193442302,0.00021751760224001269,0.00886191775440341
94,14824,109,110,109,110,DepthMid,DepthMid,DepthMid--DepthMid,10,0.97885784208347,0.00021548872907247062,0.008779259123746776
95,2285,12,84,12,84,DepthHigh,DepthMid,DepthHigh--DepthMid,8,0.2069417357522006,0.0002132918057407354,0.008689753935761645
96,5596,32,45,32,45,DepthHigh,DepthHigh,DepthHigh--DepthHigh,10,0.7930780507947082,0.0002123908405972956,0.008653047577662231
97,17922,169,178,169,178,DepthLow,DepthLow,DepthLow--DepthLow,9,0.25049000987355535,0.0002114576720113468,0.008615029214207919
98,14162,101,124,101,124,DepthHigh,DepthHigh,DepthHigh--DepthHigh,7,0.1819994396640352,0.00021119794223160848,0.008604447523702383
99,9221,56,178,56,178,DepthLow,DepthLow,DepthLow--DepthLow,9,0.2353640359457472,0.00021078439986996138,0.00858759933137616
100,8554,52,53,52,53,DepthHigh,DepthHigh,DepthHigh--DepthHigh,10,0.9534593510904245,0.00020981239606283311,0.008547998776262312
101,10872,69,178,69,178,DepthLow,DepthLow,DepthLow--DepthLow,8,0.21458666651967412,0.00020908707297674333,0.008518448277966523
102,11691,76,178,76,178,DepthLow,DepthLow,DepthLow--DepthLow,9,0.27149563608096117,0.00020798797216262365,0.008473669644337696
103,18027,175,178,175,178,DepthLow,DepthLow,DepthLow--DepthLow,10,0.5624053853286085,0.0002079362202108899,0.008471561210191809
104,12152,81,84,81,84,DepthMid,DepthMid,DepthMid--DepthMid,10,0.8268791095293291,0.0002067598428610552,0.008423634241454469
105,9378,58,70,58,70,DepthLow,DepthLow,DepthLow--DepthLow,8,0.21838576446660624,0.0002064925100863156,0.008412742796171872
106,17741,162,165,162,165,DepthLow,DepthLow,DepthLow--DepthLow,10,0.7576088857922919,0.00020630708183745289,0.00840518823564968
107,2630,14,76,14,76,DepthHigh,DepthLow,DepthHigh--DepthLow,9,0.2686027387886207,0.00020601542053164335,0.008393305617978242
108,16539,133,181,133,181,DepthHigh,DepthLow,DepthHigh--DepthLow,6,0.16790786859787796,0.000202702278956837,0.00825832441258489
109,18028,175,179,175,179,DepthLow,DepthLow,DepthLow--DepthLow,10,0.5648213193463726,0.00020173527915840901,0.008218927726551464
110,8500,51,137,51,137,DepthMid,DepthHigh,DepthHigh--DepthMid,8,0.22016941990919756,0.00020057029817675885,0.008171465058985663
111,16536,133,178,133,178,DepthHigh,DepthLow,DepthHigh--DepthLow,8,0.22606372137185535,0.0001991612662978317,0.008114059476652115
112,3081,16,178,16,178,DepthHigh,DepthLow,DepthHigh--DepthLow,6,0.17520694076605262,0.0001982183957537042,0.008075645844242321
113,16871,140,142,140,142,DepthHigh,DepthHigh,DepthHigh--DepthHigh,10,0.8679935601991869,0.00019664800615424043,0.00801166636244635
114,9445,58,137,58,137,DepthLow,DepthHigh,DepthHigh--DepthLow,3,0.11642813644579134,0.00019602968311228773,0.007986475169241712
115,9119,56,76,56,76,DepthLow,DepthLow,DepthLow--DepthLow,10,0.6720905716605713,0.0001944641892546959,0.007922695145610824
116,4450,25,26,25,26,DepthMid,DepthMid,DepthMid--DepthMid,10,0.8720173094643674,0.00019411508513114226,0.007908472241354818
117,8421,51,58,51,58,DepthMid,DepthLow,DepthLow--DepthMid,8,0.22211629132049415,0.00019273304686649267,0.007852166409970888
118,9112,56,69,56,69,DepthLow,DepthLow,DepthLow--DepthLow,10,0.6991294659190317,0.00019230238558423207,0.007834620773093243
119,2610,14,56,14,56,DepthHigh,DepthLow,DepthHigh--DepthLow,7,0.19139756638061073,0.00019215113790415852,0.007828458768328786
120,3078,16,175,16,175,DepthHigh,DepthLow,DepthHigh--DepthLow,7,0.20346020428364783,0.00019186725466829082,0.00781689303818922
121,5744,33,36,33,36,DepthHigh,DepthHigh,DepthHigh--DepthHigh,10,0.8721664599686251,0.00019020031317206675,0.007748979920865318
122,2156,11,133,11,133,DepthHigh,DepthHigh,DepthHigh--DepthHigh,10,0.3345892102878243,0.00018996355523183666,0.007739334129571122
123,2723,14,169,14,169,DepthHigh,DepthLow,DepthHigh--DepthLow,9,0.23231808519317554,0.00018777476866562966,0.0076501604427893655
124,10643,68,70,68,70,DepthLow,DepthLow,DepthLow--DepthLow,10,0.6289938604863867,0.00018683253382227006,0.007611772709561356
125,8570,52,69,52,69,DepthHigh,DepthLow,DepthHigh--DepthLow,10,0.2765320785780886,0.00018663626112551946,0.007603776333736472
126,8577,52,76,52,76,DepthHigh,DepthLow,DepthHigh--DepthLow,10,0.38260340369491935,0.00018637586521567554,0.00759316750432287
127,9088,55,179,55,179,DepthLow,DepthLow,DepthLow--DepthLow,7,0.18564101372992628,0.00018432712309084188,0.0075096993894517615
128,17742,162,166,162,166,DepthLow,DepthLow,DepthLow--DepthLow,10,0.7963082574799475,0.00018431381032678202,0.007509157012104056
129,16606,135,137,135,137,DepthHigh,DepthHigh,DepthHigh--DepthHigh,10,0.5440716795179846,0.00018417667445019177,0.0075035699384741255
130,14825,109,111,109,111,DepthMid,DepthMid,DepthMid--DepthMid,10,0.9182547041478091,0.00018245784279354916,0.007433542756223264
131,3084,16,181,16,181,DepthHigh,DepthLow,DepthHigh--DepthLow,8,0.22952390852477858,0.00018226520731081964,0.0074256945646886535
132,16770,138,142,138,142,DepthHigh,DepthHigh,DepthHigh--DepthHigh,10,0.6940120399915001,0.00018177597106205177,0.0074057625161812884
133,11216,72,165,72,165,DepthLow,DepthLow,DepthLow--DepthLow,4,0.1240239850377573,0.00018156798424507798,0.007397288893600675
134,13548,94,154,94,154,DepthLow,DepthHigh,DepthHigh--DepthLow,9,0.24122831547050208,0.00018111511551628483,0.007378838499762306
135,2958,16,55,16,55,DepthHigh,DepthLow,DepthHigh--DepthLow,8,0.20934489813629945,0.00018033051785333875,0.0073468730869050355
136,9212,56,169,56,169,DepthLow,DepthLow,DepthLow--DepthLow,10,0.672246414205758,0.00018026276942949388,0.007344112938053077
137,14578,106,110,106,110,DepthMid,DepthMid,DepthMid--DepthMid,10,0.917460010080574,0.00017842422237713114,0.007269208412636042
138,10827,69,133,69,133,DepthLow,DepthHigh,DepthHigh--DepthLow,9,0.2329106504196204,0.00017824158118687344,0.007261767400092864
139,9087,55,178,55,178,DepthLow,DepthLow,DepthLow--DepthLow,6,0.17566324441756603,0.00017728517514569944,0.00722280231593684
140,2623,14,69,14,69,DepthHigh,DepthLow,DepthHigh--DepthLow,7,0.1979869417165919,0.0001768006776808089,0.007203063330944998
141,7084,41,156,41,156,DepthHigh,DepthMid,DepthHigh--DepthMid,6,0.17523642707223105,0.00017541086306981492,0.007146440682250542
142,9176,56,133,56,133,DepthLow,DepthHigh,DepthHigh--DepthLow,9,0.23553237633362645,0.00017456321621871486,0.007111906572818152
143,2253,12,52,12,52,DepthHigh,DepthHigh,DepthHigh--DepthHigh,10,0.41096132251914974,0.0001742809440163057,0.007100406478038034
144,2382,12,181,12,181,DepthHigh,DepthLow,DepthHigh--DepthLow,4,0.13283756346766307,0.0001736935462948099,0.0070764752180231495
145,3082,16,179,16,179,DepthHigh,DepthLow,DepthHigh--DepthLow,8,0.20775735278331262,0.0001735614118041109,0.007071091906617379
146,11208,72,157,72,157,DepthLow,DepthMid,DepthLow--DepthMid,10,0.289489786282894,0.00017341633087921863,0.007065181142564779
147,12546,84,157,84,157,DepthMid,DepthMid,DepthMid--DepthMid,6,0.17722371067047452,0.00017328874780149687,0.00705998326096816
148,7820,46,162,46,162,DepthLow,DepthLow,DepthLow--DepthLow,6,0.1707269347300486,0.00017275307224301874,0.0070381592214725465
149,8634,52,133,52,133,DepthHigh,DepthHigh,DepthHigh--DepthHigh,10,0.28469655179302084,0.00017270352515926096,0.007036140616188605
150,9090,55,181,55,181,DepthLow,DepthLow,DepthLow--DepthLow,5,0.14937808941234465,0.00017259315853101613,0.007031644152581686
151,17110,145,146,145,146,DepthLow,DepthLow,DepthLow--DepthLow,10,0.9372211188823374,0.0001712997756715678,0.006978950244560674
152,8829,54,55,54,55,DepthLow,DepthLow,DepthLow--DepthLow,10,0.3625570037849938,0.00017039970748564877,0.006942280429544194
153,9089,55,180,55,180,DepthLow,DepthLow,DepthLow--DepthLow,7,0.1972860416145359,0.0001698509335042373,0.006919922745205348
154,17820,165,166,165,166,DepthLow,DepthLow,DepthLow--DepthLow,10,0.7608277270929039,0.00016955378406499484,0.006907816534654038
155,7850,47,49,47,49,DepthLow,DepthLow,DepthLow--DepthLow,10,0.9272798381482436,0.00016874175868984305,0.006874733685197361
156,14716,107,165,107,165,DepthMid,DepthLow,DepthLow--DepthMid,3,0.11730582311213894,0.0001681729240396626,0.006851558706097546
157,7761,46,103,46,103,DepthLow,DepthMid,DepthLow--DepthMid,9,0.23619106107431875,0.00016783760349689303,0.006837897360805099
158,17550,156,157,156,157,DepthMid,DepthMid,DepthMid--DepthMid,10,0.7223322234442581,0.00016759189109853903,0.006827886754568978
159,16660,136,137,136,137,DepthHigh,DepthHigh,DepthHigh--DepthHigh,10,0.7804169883875234,0.00016708114799814826,0.006807078492144782
160,12317,82,141,82,141,DepthLow,DepthMid,DepthLow--DepthMid,10,0.3656654149528403,0.0001660235714249568,0.006763991603938533
161,11654,76,141,76,141,DepthLow,DepthMid,DepthLow--DepthMid,10,0.3247974068550784,0.00016568035551610668,0.0067500085923343665
162,3083,16,180,16,180,DepthHigh,DepthLow,DepthHigh--DepthLow,9,0.24527500161398905,0.00016540255028919782,0.006738690487283296
163,12545,84,156,84,156,DepthMid,DepthMid,DepthMid--DepthMid,5,0.15090595984391558,0.0001648887245042609,0.006717756632738602
164,9084,55,175,55,175,DepthLow,DepthLow,DepthLow--DepthLow,8,0.22099471690397499,0.00016319482232991548,0.006648745106322038
165,12260,82,84,82,84,DepthLow,DepthMid,DepthLow--DepthMid,5,0.1501381503582828,0.00016291819905416412,0.006637475155323051
166,1,0,2,0,2,DepthMid,DepthMid,DepthMid--DepthMid,10,0.749641300785007,0.0001628492273643089,0.006634665169204297
167,5097,28,184,28,184,DepthLow,DepthMid,DepthLow--DepthMid,8,0.2134001879169778,0.00016277526732627002,0.006631651952032613
168,16527,133,169,133,169,DepthHigh,DepthLow,DepthHigh--DepthLow,10,0.28226844791307154,0.0001626329026909229,0.006625851852745983
169,10890,70,76,70,76,DepthLow,DepthLow,DepthLow--DepthLow,10,0.6236039800361988,0.00016217069013800003,0.006607020780745954
170,3690,20,101,20,101,DepthHigh,DepthHigh,DepthHigh--DepthHigh,10,0.2890808062033947,0.00016163954818575454,0.006585381445592199
171,14540,105,156,105,156,DepthHigh,DepthMid,DepthHigh--DepthMid,10,0.29916450241667747,0.000161595485015747,0.006583586261273394
172,14365,103,152,103,152,DepthMid,DepthMid,DepthMid--DepthMid,10,0.30253206926571763,0.0001607300485902908,0.006548327384083331
173,2687,14,133,14,133,DepthHigh,DepthHigh,DepthHigh--DepthHigh,9,0.25125684306783375,0.0001605065216324276,0.006539220638256436
174,6058,35,39,35,39,DepthMid,DepthMid,DepthMid--DepthMid,10,0.6018171746739723,0.00016008987587102009,0.006522246009848017
175,8557,52,56,52,56,DepthHigh,DepthLow,DepthHigh--DepthLow,10,0.3335945817436643,0.00015993665860637767,0.006516003761938731
176,10951,70,137,70,137,DepthLow,DepthHigh,DepthHigh--DepthLow,5,0.1503755216472495,0.00015921191896818966,0.00648647703398275
177,14406,104,107,104,107,DepthMid,DepthMid,DepthMid--DepthMid,10,0.6291781302656476,0.0001591137685733061,0.006482478273799376
178,10998,70,184,70,184,DepthLow,DepthMid,DepthLow--DepthMid,7,0.1870022795518889,0.00015763024308430683,0.006422037735954691
179,2921,16,18,16,18,DepthHigh,DepthHigh,DepthHigh--DepthHigh,10,0.8793325052424742,0.0001567026888298676,0.006384248106835308
180,17712,161,164,161,164,DepthMid,DepthMid,DepthMid--DepthMid,10,0.7833141100526133,0.00015630854117336827,0.006368190077144756
181,8433,51,70,51,70,DepthMid,DepthLow,DepthLow--DepthMid,10,0.3588152752827766,0.00015597390944825515,0.006354556795077338
182,2075,11,52,11,52,DepthHigh,DepthHigh,DepthHigh--DepthHigh,10,0.36473879380253227,0.00015563307755954225,0.006340670911200597
183,2357,12,156,12,156,DepthHigh,DepthMid,DepthHigh--DepthMid,3,0.10594649098261413,0.0001555216987449909,0.006336133209957238
184,14197,101,159,101,159,DepthHigh,DepthMid,DepthHigh--DepthMid,10,0.3621732139838743,0.0001552089373408615,0.0063233909499672255
185,8658,52,157,52,157,DepthHigh,DepthMid,DepthHigh--DepthMid,10,0.3236343628265893,0.00015514199820679017,0.006320663772513161
186,11158,72,107,72,107,DepthLow,DepthMid,DepthLow--DepthMid,6,0.17441533532251471,0.00015491186478251928,0.006311287871632379
187,2273,12,72,12,72,DepthHigh,DepthLow,DepthHigh--DepthLow,9,0.24037413059042484,0.00015461159341686518,0.006299054470201754
188,12332,82,156,82,156,DepthLow,DepthMid,DepthLow--DepthMid,10,0.3393505069667802,0.00015421665804042235,0.006282964347893037
189,17515,155,156,155,156,DepthMid,DepthMid,DepthMid--DepthMid,10,0.7705091929640444,0.00015399523798094385,0.00627394343953405
190,9543,59,104,59,104,DepthMid,DepthMid,DepthMid--DepthMid,8,0.22499035378282836,0.00015377322106178032,0.006264898214423752
191,9252,57,76,57,76,DepthHigh,DepthLow,DepthHigh--DepthLow,10,0.31915418193760364,0.0001533513391957626,0.006247710261080105
192,4500,25,76,25,76,DepthMid,DepthLow,DepthLow--DepthMid,7,0.1948344042483221,0.00015305040409197633,0.00623544981819317
193,8831,54,57,54,57,DepthLow,DepthHigh,DepthHigh--DepthLow,8,0.21722875200643085,0.00015279741771132528,0.00622514286153667
194,11818,78,80,78,80,DepthMid,DepthMid,DepthMid--DepthMid,10,0.9081987212087258,0.0001523621087728142,0.006207407873788022
195,4506,25,82,25,82,DepthMid,DepthLow,DepthLow--DepthMid,7,0.1869065013478313,0.00015197002094579439,0.0061914337639239455
196,3448,19,29,19,29,DepthLow,DepthLow,DepthLow--DepthLow,9,0.26462895134864284,0.00015133047275437805,0.006165377833673044
197,9895,62,69,62,69,DepthLow,DepthLow,DepthLow--DepthLow,10,0.6829445053257891,0.0001505678465431092,0.006134307563074164
198,2379,12,178,12,178,DepthHigh,DepthLow,DepthHigh--DepthLow,9,0.23141488264527554,0.0001504049956743145,0.006127672831031193
199,17284,149,150,149,150,DepthLow,DepthLow,DepthLow--DepthLow,10,0.9277186926363591,0.00015026067979530697,0.006121793235829478
200,4565,25,141,25,141,DepthMid,DepthMid,DepthMid--DepthMid,7,0.19153710991414308,0.00014994573407743156,0.006108961984380532
201,13959,99,100,99,100,DepthMid,DepthMid,DepthMid--DepthMid,10,0.8231306588420003,0.00014932787157420586,0.006083789554054299
202,11441,74,157,74,157,DepthLow,DepthMid,DepthLow--DepthMid,10,0.3623642260145696,0.00014923464294286398,0.006079991312188817
203,4638,26,50,26,50,DepthMid,DepthLow,DepthLow--DepthMid,6,0.17423003530024453,0.00014917034548259109,0.006077371759569224
204,4757,26,169,26,169,DepthMid,DepthLow,DepthLow--DepthMid,5,0.149615208483099,0.00014840402427175064,0.006046150950430157
205,15800,122,124,122,124,DepthHigh,DepthHigh,DepthHigh--DepthHigh,10,0.9190596032898436,0.00014763099763568486,0.006014656954540946
206,14375,103,162,103,162,DepthMid,DepthLow,DepthLow--DepthMid,7,0.20365574566996664,0.0001473306204532931,0.006002419242014499
207,11368,74,84,74,84,DepthLow,DepthMid,DepthLow--DepthMid,4,0.12937362573020428,0.00014727765105524733,0.006000261207703033
208,17562,156,169,156,169,DepthMid,DepthLow,DepthLow--DepthMid,10,0.3564140750519766,0.0001471703308137117,0.0059958888574009085
209,8710,53,72,53,72,DepthHigh,DepthLow,DepthHigh--DepthLow,8,0.22799349877743996,0.000147025819840433,0.005990001313833784
210,2176,11,153,11,153,DepthHigh,DepthHigh,DepthHigh--DepthHigh,10,0.3280594204085919,0.0001468471952075691,0.0059827239404669896
211,4995,28,82,28,82,DepthLow,DepthLow,DepthLow--DepthLow,10,0.2859210577085443,0.00014666827403690005,0.0059754344858083215
212,4363,24,104,24,104,DepthMid,DepthMid,DepthMid--DepthMid,9,0.23706951258878667,0.00014652510251766265,0.005969601513142253
213,17200,147,149,147,149,DepthLow,DepthLow,DepthLow--DepthLow,10,0.9116676360932765,0.00014645556828108672,0.005966768608221891
214,13774,97,98,97,98,DepthHigh,DepthHigh,DepthHigh--DepthHigh,10,0.8016320817263028,0.00014608892734709685,0.005951831234101562
215,4593,25,169,25,169,DepthMid,DepthLow,DepthLow--DepthMid,6,0.1803208148943461,0.00014604427283918371,0.005950011957995103
216,4664,26,76,26,76,DepthMid,DepthLow,DepthLow--DepthMid,5,0.16009710253363987,0.00014570886298823896,0.0059363469741846924
217,10017,63,64,63,64,DepthMid,DepthMid,DepthMid--DepthMid,10,0.8734813777341297,0.00014560063314958226,0.005931937565847754
218,17155,146,147,146,147,DepthLow,DepthLow,DepthLow--DepthLow,10,0.7802921774779534,0.0001455475534278325,0.005929775036821464
219,2204,11,181,11,181,DepthHigh,DepthLow,DepthHigh--DepthLow,3,0.10960243686476745,0.00014544808857798773,0.005925722724228362
220,190,1,2,1,2,DepthMid,DepthMid,DepthMid--DepthMid,10,0.7877374399401508,0.00014533037632158397,0.005920926991266097
221,7932,47,131,47,131,DepthLow,DepthMid,DepthLow--DepthMid,9,0.2582103136662225,0.0001452631908456074,0.005918189777558961
222,4670,26,82,26,82,DepthMid,DepthLow,DepthLow--DepthMid,4,0.13972409095464045,0.00014496642019356983,0.005906098999234843
223,17413,152,162,152,162,DepthMid,DepthLow,DepthLow--DepthMid,7,0.18696709374463297,0.00014352719930159195,0.0058474634817236954
224,4729,26,141,26,141,DepthMid,DepthMid,DepthMid--DepthMid,6,0.16526567077816803,0.00014351538341080035,0.005846982088717741
225,16947,141,169,141,169,DepthMid,DepthLow,DepthLow--DepthMid,10,0.3471503461157514,0.0001434098243486494,0.0058426814908931046
226,17517,155,158,155,158,DepthMid,DepthMid,DepthMid--DepthMid,10,0.7401555389017472,0.00014291447039515174,0.005822500200045796
227,2275,12,74,12,74,DepthHigh,DepthLow,DepthHigh--DepthLow,10,0.27368127972953704,0.00014257839191862768,0.005808807975658846
228,9127,56,84,56,84,DepthLow,DepthMid,DepthLow--DepthMid,4,0.1400844575317987,0.0001425437160102379,0.005807395239195017
229,5851,33,143,33,143,DepthHigh,DepthHigh,DepthHigh--DepthHigh,10,0.783201709415656,0.0001424682714817359,0.00580432154217133
230,9200,56,157,56,157,DepthLow,DepthMid,DepthLow--DepthMid,10,0.3066425511079998,0.00014178783496102286,0.0057765997742704606
231,5046,28,133,28,133,DepthLow,DepthHigh,DepthHigh--DepthLow,9,0.24822638749883166,0.0001417326687488304,0.005774352239219333
232,2691,14,137,14,137,DepthHigh,DepthHigh,DepthHigh--DepthHigh,9,0.2443344301160464,0.0001414916822385508,0.005764534171108863
233,2358,12,157,12,157,DepthHigh,DepthMid,DepthHigh--DepthMid,8,0.21990255014747317,0.00014120333547229126,0.005752786591597938
234,17201,147,150,147,150,DepthLow,DepthLow,DepthLow--DepthLow,10,0.8649320533625638,0.0001409750209108648,0.0057434847932852605
235,2052,11,29,11,29,DepthHigh,DepthLow,DepthHigh--DepthLow,10,0.3050356684736128,0.00014054471310824665,0.005725953557575552
236,9199,56,156,56,156,DepthLow,DepthMid,DepthLow--DepthMid,10,0.3228717898932908,0.00014047984652270504,0.005723310818136726
237,4474,25,50,25,50,DepthMid,DepthLow,DepthLow--DepthMid,5,0.1571306932914864,0.00013977802335332173,0.005694717733525823
238,7810,46,152,46,152,DepthLow,DepthMid,DepthLow--DepthMid,10,0.31506472896859705,0.0001395614289691113,0.0056858934287377415
239,11646,76,133,76,133,DepthLow,DepthHigh,DepthHigh--DepthLow,10,0.2853162375852538,0.00013917616900927158,0.0056701974940501325
240,11135,72,84,72,84,DepthLow,DepthMid,DepthLow--DepthMid,6,0.16853479819155276,0.00013877539294365057,0.0056538694153342416
241,14539,105,155,105,155,DepthHigh,DepthMid,DepthHigh--DepthMid,10,0.3125994810416051,0.00013870671054394413,0.005651071215229489
242,14905,110,111,110,111,DepthMid,DepthMid,DepthMid--DepthMid,10,0.9117466863836298,0.00013863190951637344,0.005648023735175232
243,17113,145,149,145,149,DepthLow,DepthLow,DepthLow--DepthLow,10,0.8054111010392936,0.0001386309409559845,0.005647984274908944
244,17111,145,147,145,147,DepthLow,DepthLow,DepthLow--DepthLow,10,0.7837791793579317,0.00013810753115668558,0.005626659956575764
245,11440,74,156,74,156,DepthLow,DepthMid,DepthLow--DepthMid,10,0.3419507780046195,0.00013797608211159435,0.005621304571013873
246,7415,44,46,44,46,DepthLow,DepthLow,DepthLow--DepthLow,10,0.7550381166090705,0.0001375378547014524,0.005603450681368114
247,5265,30,31,30,31,DepthLow,DepthLow,DepthLow--DepthLow,10,0.8865882540131211,0.00013753460449627625,0.005603318264264122
248,2239,12,38,12,38,DepthHigh,DepthHigh,DepthHigh--DepthHigh,7,0.1995102912489571,0.0001372628544343762,0.005592246853612698
249,9333,57,157,57,157,DepthHigh,DepthMid,DepthHigh--DepthMid,10,0.29912241122894156,0.00013715789327779643,0.00558797061514998
250,8300,50,76,50,76,DepthLow,DepthLow,DepthLow--DepthLow,10,0.2981934480093082,0.0001370788072247323,0.00558474855821961
251,17114,145,150,145,150,DepthLow,DepthLow,DepthLow--DepthLow,10,0.8252365055163702,0.0001365739045552471,0.0055641782416802656
252,7877,47,76,47,76,DepthLow,DepthLow,DepthLow--DepthLow,4,0.12435756028558653,0.00013643017117689644,0.005558322378226508
253,16710,136,187,136,187,DepthHigh,DepthMid,DepthHigh--DepthMid,3,0.11306742259016565,0.0001361257375137679,0.005545919400000682
254,14160,101,122,101,122,DepthHigh,DepthHigh,DepthHigh--DepthHigh,6,0.16380970046920604,0.00013599670750252623,0.0055406625686652035
255,7554,44,185,44,185,DepthLow,DepthMid,DepthLow--DepthMid,9,0.24329291986448334,0.00013585694707491598,0.005534968567802525
256,12558,84,169,84,169,DepthMid,DepthLow,DepthLow--DepthMid,5,0.14273272562809858,0.00013569851481848002,0.005528513855118488
257,15660,120,121,120,121,DepthHigh,DepthHigh,DepthHigh--DepthHigh,10,0.7518264731724511,0.00013555674734667242,0.005522738084962552
258,12045,80,86,80,86,DepthMid,DepthMid,DepthMid--DepthMid,10,0.5890333439911087,0.00013550015659746353,0.005520432512631923
259,11207,72,156,72,156,DepthLow,DepthMid,DepthLow--DepthMid,10,0.3301637408786009,0.00013545765245631956,0.005518700844945444
260,11199,72,148,72,148,DepthLow,DepthLow,DepthLow--DepthLow,9,0.26480348389535463,0.00013491164969478005,0.005496456063297376
261,2246,12,45,12,45,DepthHigh,DepthHigh,DepthHigh--DepthHigh,7,0.20082178510698695,0.0001339936311524116,0.005459054930075478
262,7992,48,49,48,49,DepthLow,DepthLow,DepthLow--DepthLow,10,0.8958502236132191,0.00013386747363806705,0.005453915127573482
263,11392,74,108,74,108,DepthLow,DepthHigh,DepthHigh--DepthLow,6,0.17382369066012188,0.00013252139471406135,0.005399074321162276
264,790,4,41,4,41,DepthHigh,DepthHigh,DepthHigh--DepthHigh,8,0.21383530256932773,0.0001321694829733899,0.005384737031349757
265,4341,24,82,24,82,DepthMid,DepthLow,DepthLow--DepthMid,10,0.2720215737557312,0.00013158775941442564,0.00536103694325458
266,10922,70,108,70,108,DepthLow,DepthHigh,DepthHigh--DepthLow,6,0.17817145575835908,0.00013139588247744534,0.005353219655747842
267,9611,59,172,59,172,DepthMid,DepthLow,DepthLow--DepthMid,10,0.29999426015660735,0.0001311792407987681,0.005344393424128686
268,4416,24,157,24,157,DepthMid,DepthMid,DepthMid--DepthMid,5,0.15425805344565127,0.0001310102434365969,0.005337508276863134
269,8659,52,158,52,158,DepthHigh,DepthMid,DepthHigh--DepthMid,10,0.3477706916140128,0.00013087033754729938,0.005331808349723706
270,8555,52,54,52,54,DepthHigh,DepthLow,DepthHigh--DepthLow,6,0.1661810491090349,0.00013077972018203036,0.005328116493846917
271,4335,24,76,24,76,DepthMid,DepthLow,DepthLow--DepthMid,9,0.2372489381247564,0.0001306273060238819,0.005321906965421591
272,8968,55,59,55,59,DepthLow,DepthMid,DepthLow--DepthMid,5,0.1454308242209903,0.00013055226720186099,0.005318849797347428
273,14140,101,102,101,102,DepthHigh,DepthHigh,DepthHigh--DepthHigh,10,0.6578788179913387,0.00013055176197834743,0.005318829213959331
274,2586,14,32,14,32,DepthHigh,DepthHigh,DepthHigh--DepthHigh,6,0.1672158623169092,0.0001302455535189912,0.005306353928490142
275,8573,52,72,52,72,DepthHigh,DepthLow,DepthHigh--DepthLow,9,0.23635609362707782,0.00013020122095917447,0.005304547768920103
276,5026,28,113,28,113,DepthLow,DepthHigh,DepthHigh--DepthLow,10,0.29013954254536944,0.00013012104629279005,0.005301281360628687
277,2233,12,32,12,32,DepthHigh,DepthHigh,DepthHigh--DepthHigh,7,0.1865637100086465,0.00012983308614727233,0.005289549532492277
278,10926,70,112,70,112,DepthLow,DepthHigh,DepthHigh--DepthLow,7,0.1870754916291024,0.00012970861363132137,0.00528447837876641
279,13181,90,177,90,177,DepthMid,DepthHigh,DepthHigh--DepthMid,10,0.40128828164218683,0.00012945143501886977,0.005274000625755768
280,11150,72,99,72,99,DepthLow,DepthMid,DepthLow--DepthMid,10,0.2829007099876812,0.0001289920665162461,0.005255285423642045
281,4314,24,55,24,55,DepthMid,DepthLow,DepthLow--DepthMid,6,0.17034039339270265,0.0001285718475410533,0.005238165218386706
282,5090,28,177,28,177,DepthLow,DepthHigh,DepthHigh--DepthLow,9,0.26437497344641225,0.00012846956401698126,0.00523399806975771
283,8365,50,141,50,141,DepthLow,DepthMid,DepthLow--DepthMid,10,0.40232193540100925,0.00012837292195244703,0.0052300607606907724
284,17158,146,150,146,150,DepthLow,DepthLow,DepthLow--DepthLow,10,0.820619506064402,0.0001283469382777464,0.005229002155843244
285,5118,29,44,29,44,DepthLow,DepthLow,DepthLow--DepthLow,8,0.2096501928312671,0.000128088202184115,0.005218460949254698
286,7705,46,47,46,47,DepthLow,DepthLow,DepthLow--DepthLow,10,0.8666169769189342,0.00012777088889377147,0.005205533240175316
287,2099,11,76,11,76,DepthHigh,DepthLow,DepthHigh--DepthLow,9,0.2464406640726656,0.00012773487729067859,0.005204066085970199
288,884,4,135,4,135,DepthHigh,DepthHigh,DepthHigh--DepthHigh,7,0.19181259953813418,0.00012769157979650934,0.0052023020961673135
289,7553,44,184,44,184,DepthLow,DepthMid,DepthLow--DepthMid,9,0.26846252093867384,0.00012756134600188594,0.005196996221309779
290,5187,29,113,29,113,DepthLow,DepthHigh,DepthHigh--DepthLow,9,0.2710915240800326,0.00012748859852436907,0.00519403240525096
291,14355,103,142,103,142,DepthMid,DepthHigh,DepthHigh--DepthMid,3,0.10653184917161654,0.00012701507614901807,0.005174740558053233
292,4989,28,76,28,76,DepthLow,DepthLow,DepthLow--DepthLow,10,0.27734647524650924,0.0001266202259721686,0.005158653906874123
293,8637,52,136,52,136,DepthHigh,DepthHigh,DepthHigh--DepthHigh,8,0.21005146631087762,0.0001265868822725888,0.0051572954461322745
294,9480,58,172,58,172,DepthLow,DepthLow,DepthLow--DepthLow,10,0.300701831813388,0.00012618352450208804,0.00514086218578476
295,15165,113,137,113,137,DepthHigh,DepthHigh,DepthHigh--DepthHigh,7,0.1937199335196819,0.00012611510589723986,0.0051380747329864964
296,17157,146,149,146,149,DepthLow,DepthLow,DepthLow--DepthLow,10,0.8059321935630903,0.00012610760377660332,0.0051377690879472904
297,16680,136,157,136,157,DepthHigh,DepthMid,DepthHigh--DepthMid,4,0.13130590477496937,0.0001260280001331763,0.005134525943789133
298,14250,102,124,102,124,DepthHigh,DepthHigh,DepthHigh--DepthHigh,7,0.18472857426155767,0.00012600039053799474,0.005133401097067711
299,12204,81,136,81,136,DepthMid,DepthHigh,DepthHigh--DepthMid,5,0.14383035124525448,0.00012595033562965208,0.005131361802425029
300,6686,39,57,39,57,DepthMid,DepthHigh,DepthHigh--DepthMid,4,0.13008020029051973,0.0001254865690673831,0.005112467418293601
301,2370,12,169,12,169,DepthHigh,DepthLow,DepthHigh--DepthLow,10,0.29976885067154657,0.00012540613906307288,0.005109190607240871
302,7707,46,49,46,49,DepthLow,DepthLow,DepthLow--DepthLow,10,0.8701946446449531,0.00012528733374719033,0.005104350341775939
303,5155,29,81,29,81,DepthLow,DepthMid,DepthLow--DepthMid,4,0.1374109290684125,0.00012522928689798362,0.005101985446253578
304,13872,98,104,98,104,DepthHigh,DepthMid,DepthHigh--DepthMid,9,0.269965678075316,0.00012510947292283234,0.005097104086847789
305,14481,104,182,104,182,DepthMid,DepthMid,DepthMid--DepthMid,8,0.22292829308576514,0.00012509733163036617,0.005096609436602663
306,1861,10,17,10,17,DepthMid,DepthHigh,DepthHigh--DepthMid,7,0.1859481930294607,0.00012503802582873447,0.005094193249907854
307,9412,58,104,58,104,DepthLow,DepthMid,DepthLow--DepthMid,5,0.15752502376094035,0.0001249611377556864,0.0050910607412160075
308,2219,12,18,12,18,DepthHigh,DepthHigh,DepthHigh--DepthHigh,5,0.15854193240019274,0.00012495842776279133,0.005090950332982817
309,13483,93,185,93,185,DepthLow,DepthMid,DepthLow--DepthMid,8,0.2115295176745048,0.00012479683768866612,0.005084366967167458
310,8417,51,54,51,54,DepthMid,DepthLow,DepthLow--DepthMid,6,0.17063001634168534,0.00012471885501044985,0.005081189862999777
311,7970,47,169,47,169,DepthLow,DepthLow,DepthLow--DepthLow,5,0.1416171996280392,0.00012435106772138238,0.005066205785052676
312,9345,57,169,57,169,DepthHigh,DepthLow,DepthHigh--DepthLow,10,0.30302920206463213,0.00012384695316803345,0.005045667577272846
313,4446,24,187,24,187,DepthMid,DepthMid,DepthMid--DepthMid,9,0.2383182186297854,0.00012375335190054865,0.005041854153781523
314,15444,117,118,117,118,DepthLow,DepthLow,DepthLow--DepthLow,10,0.8332446821830047,0.00012372693660578997,0.005040777964235486
315,9258,57,82,57,82,DepthHigh,DepthLow,DepthHigh--DepthLow,10,0.2917705835513175,0.00012361419454119324,0.005036184722614445
316,4942,28,29,28,29,DepthLow,DepthLow,DepthLow--DepthLow,10,0.8338825282123611,0.00012360178175038435,0.005035679011213996
317,8499,51,136,51,136,DepthMid,DepthHigh,DepthHigh--DepthMid,7,0.1976843915158423,0.00012351560453429097,0.005032168052130877
318,15164,113,136,113,136,DepthHigh,DepthHigh,DepthHigh--DepthHigh,8,0.2268554182030856,0.0001232952060190195,0.00502318876265998
319,13480,93,182,93,182,DepthLow,DepthMid,DepthLow--DepthMid,7,0.1853691751079445,0.00012328138887090744,0.005022625836124801
320,9279,57,103,57,103,DepthHigh,DepthMid,DepthHigh--DepthMid,8,0.22316293144848276,0.0001232079243572834,0.005019632807188756
321,14142,101,104,101,104,DepthHigh,DepthMid,DepthHigh--DepthMid,7,0.18450316240473638,0.00012310593113129295,0.005015477485638106
322,9078,55,169,55,169,DepthLow,DepthLow,DepthLow--DepthLow,8,0.21679753654996847,0.00012298813145170137,0.005010678190954433
323,14496,105,112,105,112,DepthHigh,DepthHigh,DepthHigh--DepthHigh,8,0.2269735031201006,0.00012246539084177733,0.004989381136167474
324,2592,14,38,14,38,DepthHigh,DepthHigh,DepthHigh--DepthHigh,5,0.15922747403185153,0.00012244963020530732,0.004988739029677168
325,4441,24,182,24,182,DepthMid,DepthMid,DepthMid--DepthMid,6,0.17943703151873283,0.0001223247989466978,0.004983653260362022
326,2160,11,137,11,137,DepthHigh,DepthHigh,DepthHigh--DepthHigh,7,0.19866531628559192,0.00012218022073663952,0.004977762977491022
327,14230,102,104,102,104,DepthHigh,DepthMid,DepthHigh--DepthMid,8,0.2190736539486562,0.00012207787289982973,0.0049735932086869845
328,7883,47,82,47,82,DepthLow,DepthLow,DepthLow--DepthLow,4,0.13252146581560087,0.00012204281913289646,0.004972165077830697
329,8878,54,104,54,104,DepthLow,DepthMid,DepthLow--DepthMid,6,0.1678601847474056,0.00012195610555677743,0.004968632266822101
330,2638,14,84,14,84,DepthHigh,DepthMid,DepthHigh--DepthMid,5,0.16085699768141537,0.00012165254403124034,0.004956264820486688
331,4928,27,177,27,177,DepthLow,DepthHigh,DepthHigh--DepthLow,10,0.302845905843413,0.00012140064793847736,0.004946002283415054
332,8306,50,82,50,82,DepthLow,DepthLow,DepthLow--DepthLow,10,0.33006897962107773,0.00012127390242728997,0.00494083852524415
333,8774,53,136,53,136,DepthHigh,DepthHigh,DepthHigh--DepthHigh,8,0.22506773057644966,0.0001211798180931495,0.004937005421060651
334,4888,27,137,27,137,DepthLow,DepthHigh,DepthHigh--DepthLow,6,0.17866920122854837,0.00012102885721117823,0.004930855100781351
335,8728,53,90,53,90,DepthHigh,DepthMid,DepthHigh--DepthMid,10,0.37529267799438404,0.00012101465106429131,0.004930276325987852
336,7904,47,103,47,103,DepthLow,DepthMid,DepthLow--DepthMid,8,0.2280632918143216,0.00012100521223408371,0.004929891777169107
337,14285,102,159,102,159,DepthHigh,DepthMid,DepthHigh--DepthMid,10,0.41519553058233816,0.00012090524122265126,0.004925818842969689
338,9613,59,174,59,174,DepthMid,DepthLow,DepthLow--DepthMid,10,0.28129302317751714,0.00012077598227280004,0.004920552684411458
339,16511,133,153,133,153,DepthHigh,DepthHigh,DepthHigh--DepthHigh,10,0.5197627075740862,0.00012046818915463895,0.004908012838116604
340,12994,89,90,89,90,DepthMid,DepthMid,DepthMid--DepthMid,10,0.8047658968219094,0.00012034325429417183,0.004902922847942403
341,9350,57,174,57,174,DepthHigh,DepthLow,DepthHigh--DepthLow,10,0.3036830961315166,0.00012031140291018766,0.004901625185857473
342,10754,68,181,68,181,DepthLow,DepthLow,DepthLow--DepthLow,8,0.2134086108755459,0.00012011120593319198,0.004893468930333572
343,8576,52,75,52,75,DepthHigh,DepthLow,DepthHigh--DepthLow,8,0.2112323621339848,0.00011988004161014148,0.004884051029448633
344,1833,9,169,9,169,DepthMid,DepthLow,DepthLow--DepthMid,9,0.24407367867824437,0.00011978911327444981,0.004880346504278504
345,7474,44,105,44,105,DepthLow,DepthHigh,DepthHigh--DepthLow,3,0.11634535707445127,0.00011975805932484804,0.004879081330589174
346,17992,173,174,173,174,DepthLow,DepthLow,DepthLow--DepthLow,10,0.8781867025544198,0.00011974278581032329,0.004878459070008213
347,2572,14,18,14,18,DepthHigh,DepthHigh,DepthHigh--DepthHigh,5,0.15655811915857867,0.00011972789046698376,0.004877852216557094
348,15087,112,136,112,136,DepthHigh,DepthHigh,DepthHigh--DepthHigh,9,0.23592635651367846,0.00011939425897265453,0.004864259685044348
349,11125,72,74,72,74,DepthLow,DepthLow,DepthLow--DepthLow,10,0.5683590356696482,0.00011928593910478441,0.004859846608813516
350,2257,12,56,12,56,DepthHigh,DepthLow,DepthHigh--DepthLow,9,0.239575381856555,0.00011921689028041255,0.004857033480145674
351,13303,92,102,92,102,DepthMid,DepthHigh,DepthHigh--DepthMid,10,0.45140862914536023,0.00011907315441946244,0.004851177515547955
352,7855,47,54,47,54,DepthLow,DepthLow,DepthLow--DepthLow,4,0.12848283539549663,0.00011905818205467335,0.004850567524154231
353,13482,93,184,93,184,DepthLow,DepthMid,DepthLow--DepthMid,8,0.2144450748394624,0.00011898335261487425,0.00484751888655305
354,12307,82,131,82,131,DepthLow,DepthMid,DepthLow--DepthMid,9,0.2442614173024206,0.00011895489932236885,0.004846359666630487
355,14541,105,157,105,157,DepthHigh,DepthMid,DepthHigh--DepthMid,10,0.2777688871671962,0.00011846150146490934,0.004826258069389725
356,6141,35,122,35,122,DepthMid,DepthHigh,DepthHigh--DepthMid,6,0.17346527578739965,0.00011836845477488876,0.004822467240023318
357,11644,76,131,76,131,DepthLow,DepthMid,DepthLow--DepthMid,9,0.25238063813110345,0.00011830173258245298,0.004819748901021461
358,1128,6,10,6,10,DepthLow,DepthMid,DepthLow--DepthMid,6,0.17778995401800346,0.00011830106720241918,0.0048197217926721865
359,4983,28,70,28,70,DepthLow,DepthLow,DepthLow--DepthLow,7,0.20424228736548433,0.00011808467705441963,0.0048109058087026715
360,8905,54,131,54,131,DepthLow,DepthMid,DepthLow--DepthMid,4,0.13168690795522056,0.00011800350939177803,0.004807598944599539
361,7849,47,48,47,48,DepthLow,DepthLow,DepthLow--DepthLow,10,0.8492374025208305,0.0001179824903607993,0.004806742605057853
362,6316,36,143,36,143,DepthHigh,DepthHigh,DepthHigh--DepthHigh,10,0.75437558734782,0.00011791815886231873,0.0048041216656824585
363,17584,157,158,157,158,DepthMid,DepthMid,DepthMid--DepthMid,10,0.750454769916184,0.00011789753737449297,0.004803281522506902
364,2098,11,75,11,75,DepthHigh,DepthLow,DepthHigh--DepthLow,8,0.21868050051868967,0.00011774192531600672,0.004796941707936967
365,808,4,59,4,59,DepthHigh,DepthMid,DepthHigh--DepthMid,10,0.2904338270316689,0.00011767407462211109,0.004794177392485297
366,12158,81,90,81,90,DepthMid,DepthMid,DepthMid--DepthMid,10,0.4525538669027813,0.0001174189231627406,0.004783782228027009
367,5016,28,103,28,103,DepthLow,DepthMid,DepthLow--DepthMid,7,0.1875802781065931,0.00011728534137584107,0.0047783399521063525
368,807,4,58,4,58,DepthHigh,DepthLow,DepthHigh--DepthLow,7,0.18466852945629378,0.00011716835927613682,0.004773573966569363
369,8775,53,137,53,137,DepthHigh,DepthHigh,DepthHigh--DepthHigh,7,0.18689197432736918,0.00011700705602152549,0.004767002286111494
370,16733,137,157,137,157,DepthHigh,DepthMid,DepthHigh--DepthMid,4,0.13650290694139527,0.00011693818206170561,0.004764196281626991
371,1717,9,53,9,53,DepthMid,DepthHigh,DepthHigh--DepthMid,10,0.2913187828791304,0.0001169329674112962,0.004763983830760623
372,13578,94,184,94,184,DepthLow,DepthMid,DepthLow--DepthMid,9,0.24743302880623463,0.00011691157528439694,0.004763112290861227
373,9358,57,182,57,182,DepthHigh,DepthMid,DepthHigh--DepthMid,6,0.17048293166340853,0.00011678920465635126,0.0047581267704705655
374,10667,68,94,68,94,DepthLow,DepthLow,DepthLow--DepthLow,3,0.11771096260225233,0.00011667024148819926,0.004753280073922288
375,7416,44,47,44,47,DepthLow,DepthLow,DepthLow--DepthLow,10,0.6927297797566094,0.00011661385937497631,0.004750983001662132
376,8985,55,76,55,76,DepthLow,DepthLow,DepthLow--DepthLow,9,0.23704153962801638,0.00011647752459409798,0.0047454285655945845
377,14492,105,108,105,108,DepthHigh,DepthHigh,DepthHigh--DepthHigh,10,0.5865043647841836,0.00011642412322641476,0.004743252932342342
378,5025,28,112,28,112,DepthLow,DepthHigh,DepthHigh--DepthLow,10,0.29816375457575933,0.0001163863162764185,0.0047417126336356565
379,4864,27,113,27,113,DepthLow,DepthHigh,DepthHigh--DepthLow,10,0.2792200434126344,0.00011619402339136677,0.0047338783999252045
380,8187,49,103,49,103,DepthLow,DepthMid,DepthLow--DepthMid,8,0.21045683964922024,0.00011614509707466017,0.004731885085406219
381,4425,24,166,24,166,DepthMid,DepthLow,DepthLow--DepthMid,7,0.182807840048094,0.00011606991545207743,0.0047288220994726226
382,16960,141,182,141,182,DepthMid,DepthMid,DepthMid--DepthMid,9,0.23400321481937386,0.00011604916758428956,0.004727976807431786
383,2599,14,45,14,45,DepthHigh,DepthHigh,DepthHigh--DepthHigh,5,0.1570699330665217,0.00011585922795666971,0.004720238448140699
384,1977,10,133,10,133,DepthMid,DepthHigh,DepthHigh--DepthMid,3,0.11328387742327667,0.00011573235451670374,0.004715069478003946
385,8966,55,57,55,57,DepthLow,DepthHigh,DepthHigh--DepthLow,6,0.171982846609924,0.00011568392571553077,0.004713096432841074
386,8695,53,57,53,57,DepthHigh,DepthHigh,DepthHigh--DepthHigh,10,0.7615280803877523,0.0001156757319945855,0.00471276261120838
387,7906,47,105,47,105,DepthLow,DepthHigh,DepthHigh--DepthLow,2,0.08569018527524896,0.00011565355746035819,0.004711859195132894
388,7500,44,131,44,131,DepthLow,DepthMid,DepthLow--DepthMid,7,0.19243750018641423,0.00011558457825329434,0.0047090489027543985
389,12525,84,136,84,136,DepthMid,DepthHigh,DepthHigh--DepthMid,6,0.16379721449388485,0.00011542724958566528,0.004702639151549987
390,2041,11,18,11,18,DepthHigh,DepthHigh,DepthHigh--DepthHigh,7,0.18370564963035185,0.00011526104451277342,0.004695867765367148
391,14308,102,182,102,182,DepthHigh,DepthMid,DepthHigh--DepthMid,9,0.2406644028734429,0.00011509716357936196,0.004689191067304778
392,5259,29,185,29,185,DepthLow,DepthMid,DepthLow--DepthMid,6,0.17462779770037679,0.00011504514985760904,0.00468707196834668
393,2192,11,169,11,169,DepthHigh,DepthLow,DepthHigh--DepthLow,9,0.23254712466058633,0.00011479524368998677,0.004676890503118211
394,8638,52,137,52,137,DepthHigh,DepthHigh,DepthHigh--DepthHigh,7,0.18731076437876062,0.00011456273681996693,0.004667417905322764
395,2354,12,153,12,153,DepthHigh,DepthHigh,DepthHigh--DepthHigh,9,0.2387039891331318,0.0001144737146959969,0.004663791041414646
396,10927,70,113,70,113,DepthLow,DepthHigh,DepthHigh--DepthLow,7,0.18253626570813888,0.00011444841765700912,0.004662760410897249
397,15121,112,170,112,170,DepthHigh,DepthHigh,DepthHigh--DepthHigh,8,0.2138440218800118,0.00011427847956569578,0.004655836937242471
398,13987,99,128,99,128,DepthMid,DepthMid,DepthMid--DepthMid,8,0.2155618486259874,0.00011423484728779735,0.004654059307964697
399,15949,124,140,124,140,DepthHigh,DepthHigh,DepthHigh--DepthHigh,2,0.08883884821978878,0.00011423113584564579,0.004653908099534856
400,13546,94,152,94,152,DepthLow,DepthMid,DepthLow--DepthMid,9,0.26346940883364806,0.00011410200819055,0.004648647290076249
401,6343,36,170,36,170,DepthHigh,DepthHigh,DepthHigh--DepthHigh,10,0.3038836835239739,0.0001138944805376847,0.004640192374370496
402,14436,104,137,104,137,DepthMid,DepthHigh,DepthHigh--DepthMid,1,0.05434821328654788,0.00011382250663282493,0.004637260074553093
403,1746,9,82,9,82,DepthMid,DepthLow,DepthLow--DepthMid,9,0.263779095541079,0.00011372337728906792,0.0046332214308646
404,2276,12,75,12,75,DepthHigh,DepthLow,DepthHigh--DepthLow,8,0.21802941603913462,0.00011363753591690465,0.004629724154450177
405,2689,14,135,14,135,DepthHigh,DepthHigh,DepthHigh--DepthHigh,9,0.25319114852755187,0.00011359271008595811,0.004627897898445926
406,2113,11,90,11,90,DepthHigh,DepthMid,DepthHigh--DepthMid,10,0.2829463211366338,0.00011352361811597934,0.004625083011976343
407,17247,148,154,148,154,DepthLow,DepthHigh,DepthHigh--DepthLow,9,0.2349336800373842,0.00011345581526229495,0.004622320645590003
408,1703,9,39,9,39,DepthMid,DepthMid,DepthMid--DepthMid,6,0.16191589563162825,0.00011340960698221534,0.004620438067015116
409,2201,11,178,11,178,DepthHigh,DepthLow,DepthHigh--DepthLow,6,0.1777266407239847,0.00011330416419699922,0.004616142206446786
410,4428,24,169,24,169,DepthMid,DepthLow,DepthLow--DepthMid,9,0.2637186471736699,0.00011328564300742061,0.004615387631841931
411,14456,104,157,104,157,DepthMid,DepthMid,DepthMid--DepthMid,3,0.11529672907314749,0.00011324963370152191,0.004613920571227152
412,10670,68,97,68,97,DepthLow,DepthHigh,DepthHigh--DepthLow,5,0.15480931320318597,0.00011318850915059304,0.004611430286590285
413,11133,72,82,72,82,DepthLow,DepthLow,DepthLow--DepthLow,10,0.6627138509986945,0.00011312159301187656,0.004608704045993474
414,9501,59,62,59,62,DepthMid,DepthLow,DepthLow--DepthMid,6,0.165273580470813,0.00011295947177779348,0.0046020990401093925
415,9235,57,59,57,59,DepthHigh,DepthMid,DepthHigh--DepthMid,7,0.19114025339513352,0.0001129271867580397,0.004600783711203543
416,379,2,3,2,3,DepthMid,DepthMid,DepthMid--DepthMid,10,0.7365280868871287,0.00011291179803836555,0.004600156757032048
417,7875,47,74,47,74,DepthLow,DepthLow,DepthLow--DepthLow,2,0.08926242478426723,0.00011288886407574446,0.004599222400968734
418,1716,9,52,9,52,DepthMid,DepthHigh,DepthHigh--DepthMid,10,0.27191506984281877,0.00011282280996760609,0.004596531280490967
419,15086,112,135,112,135,DepthHigh,DepthHigh,DepthHigh--DepthHigh,7,0.19558233824802468,0.00011274041689444694,0.004593174491751345
420,7983,47,182,47,182,DepthLow,DepthMid,DepthLow--DepthMid,10,0.3174329410065675,0.00011249405178927699,0.004583137293487445
421,5186,29,112,29,112,DepthLow,DepthHigh,DepthHigh--DepthLow,10,0.2759701506895355,0.00011244634597993455,0.004581193703844831
422,2107,11,84,11,84,DepthHigh,DepthMid,DepthHigh--DepthMid,5,0.15734731324635867,0.00011224731320054662,0.00457308487907294
423,8600,52,99,52,99,DepthHigh,DepthMid,DepthHigh--DepthMid,4,0.13465822001830047,0.00011213541651107632,0.004568526079008651
424,4833,27,82,27,82,DepthLow,DepthLow,DepthLow--DepthLow,10,0.33065272223774267,0.00011209734341091397,0.004566974937037522
425,10995,70,181,70,181,DepthLow,DepthLow,DepthLow--DepthLow,7,0.19655100407576354,0.0001120014139251551,0.004563066659250976
426,16626,135,157,135,157,DepthHigh,DepthMid,DepthHigh--DepthMid,6,0.16262994068378742,0.00011200059025519266,0.004563033101987616
427,15163,113,135,113,135,DepthHigh,DepthHigh,DepthHigh--DepthHigh,9,0.23690589961550507,0.00011183154040231439,0.004556145816190174
428,11641,76,128,76,128,DepthLow,DepthMid,DepthLow--DepthMid,10,0.27937977149220494,0.0001117875898271726,0.00455435521911594
429,8532,51,169,51,169,DepthMid,DepthLow,DepthLow--DepthMid,10,0.3533133535859426,0.0001117753132750424,0.004553855058236246
430,16861,139,182,139,182,DepthMid,DepthMid,DepthMid--DepthMid,8,0.21083680580555944,0.00011175354734954396,0.004552968289351202
431,4313,24,54,24,54,DepthMid,DepthLow,DepthLow--DepthMid,7,0.1831811868616444,0.00011173162116848236,0.004552074991469858
432,8038,48,95,48,95,DepthLow,DepthLow,DepthLow--DepthLow,10,0.30418777548528303,0.00011170083758596527,0.004550820832847094
433,7472,44,103,44,103,DepthLow,DepthMid,DepthLow--DepthMid,6,0.18060448793483072,0.00011168256434119414,0.004550076359799394
434,13875,98,107,98,107,DepthHigh,DepthMid,DepthHigh--DepthMid,8,0.2064068262255988,0.00011161769129065058,0.004547433356968939
435,2386,12,185,12,185,DepthHigh,DepthMid,DepthHigh--DepthMid,4,0.129916825314381,0.00011158960176018563,0.004546288957131056
436,10559,67,108,67,108,DepthHigh,DepthHigh,DepthHigh--DepthHigh,6,0.16666075951304035,0.0001114247401689987,0.00453957230594093
437,14233,102,107,102,107,DepthHigh,DepthMid,DepthHigh--DepthMid,9,0.24001658629423012,0.00011133064951518764,0.00453573894428677
438,8707,53,69,53,69,DepthHigh,DepthLow,DepthHigh--DepthLow,8,0.22606037037170112,0.0001113242589525904,0.004535478585402901
439,4601,25,177,25,177,DepthMid,DepthHigh,DepthHigh--DepthMid,2,0.09321630228085533,0.00011120668502882356,0.004530688488271661
440,14400,103,187,103,187,DepthMid,DepthMid,DepthMid--DepthMid,8,0.21264978896368397,0.00011116980378310368,0.004529185903823856
441,14568,105,184,105,184,DepthHigh,DepthMid,DepthHigh--DepthMid,5,0.14982972044607532,0.00011111307497291727,0.0045268747067299196
442,1125,6,7,6,7,DepthLow,DepthLow,DepthLow--DepthLow,10,0.625744162401638,0.00011105615254547395,0.004524555621445837
443,13360,92,159,92,159,DepthMid,DepthMid,DepthMid--DepthMid,10,0.47288821850133056,0.00011098204298968447,0.004521536312748709
444,2338,12,137,12,137,DepthHigh,DepthHigh,DepthHigh--DepthHigh,8,0.22487152839831415,0.00011028393878988962,0.004493094743244099
445,5255,29,181,29,181,DepthLow,DepthLow,DepthLow--DepthLow,1,0.06769969482796023,0.00011009714970783733,0.0044854847408097144
446,8467,51,104,51,104,DepthMid,DepthMid,DepthMid--DepthMid,4,0.13479216127313118,0.00011007365317781217,0.004484527465102128
447,3277,18,29,18,29,DepthHigh,DepthLow,DepthHigh--DepthLow,6,0.16802964024999997,0.00010992753088600603,0.00447857427456152
448,14484,104,185,104,185,DepthMid,DepthMid,DepthMid--DepthMid,8,0.2065510958619379,0.00010979743246062744,0.004473273914803001
449,13506,94,112,94,112,DepthLow,DepthHigh,DepthHigh--DepthLow,9,0.26430214071146046,0.000109724561590164,0.0044703050715733566
450,16962,141,184,141,184,DepthMid,DepthMid,DepthMid--DepthMid,9,0.24571390571029061,0.00010970855013904286,0.004469652746605156
451,8991,55,82,55,82,DepthLow,DepthLow,DepthLow--DepthLow,7,0.18716658552105103,0.00010968915169933579,0.004468862431819238
452,16922,141,144,141,144,DepthMid,DepthHigh,DepthHigh--DepthMid,8,0.20598246509539836,0.00010950158626206252,0.004461220799778579
453,2079,11,56,11,56,DepthHigh,DepthLow,DepthHigh--DepthLow,6,0.17231449426831472,0.00010946360507932094,0.004459673402629086
454,7421,44,52,44,52,DepthLow,DepthHigh,DepthHigh--DepthLow,2,0.09593104346402087,0.0001094622523341285,0.004459618290231218
455,4863,27,112,27,112,DepthLow,DepthHigh,DepthHigh--DepthLow,10,0.31661015004828774,0.00010939007720327784,0.004456677792235078
456,9031,55,122,55,122,DepthLow,DepthHigh,DepthHigh--DepthLow,2,0.0819889331843212,0.00010928649364605872,0.00445245767875768
457,8683,52,182,52,182,DepthHigh,DepthMid,DepthHigh--DepthMid,6,0.1685923233143375,0.00010921712011955133,0.004449631321350692
458,2,0,3,0,3,DepthMid,DepthMid,DepthMid--DepthMid,10,0.6488131575504937,0.0001089826970528038,0.004440080655492582
459,16753,137,177,137,177,DepthHigh,DepthHigh,DepthHigh--DepthHigh,2,0.08757841499365925,0.00010890505869580324,0.00443691757936798
460,13499,94,105,94,105,DepthLow,DepthHigh,DepthHigh--DepthLow,5,0.15249897848336377,0.00010887608517896301,0.004435737164906577
461,15088,112,137,112,137,DepthHigh,DepthHigh,DepthHigh--DepthHigh,7,0.1951799707595745,0.00010884335665845081,0.004434403767268796
462,2328,12,127,12,127,DepthHigh,DepthLow,DepthHigh--DepthLow,5,0.148430314400917,0.00010875039765792715,0.004430616510473536
463,12710,86,112,86,112,DepthMid,DepthHigh,DepthHigh--DepthMid,10,0.27174556667187155,0.00010867523616603333,0.004427554344687402
464,13576,94,182,94,182,DepthLow,DepthMid,DepthLow--DepthMid,9,0.24086645098560697,0.00010867272737257622,0.00442745213355115
465,16963,141,185,141,185,DepthMid,DepthMid,DepthMid--DepthMid,9,0.23706315715304013,0.00010863939509303339,0.004426094138074769
466,15128,112,177,112,177,DepthHigh,DepthHigh,DepthHigh--DepthHigh,9,0.2405560106942649,0.00010856888542140035,0.004423221492806215
467,11824,78,86,78,86,DepthMid,DepthMid,DepthMid--DepthMid,10,0.5347434389337662,0.00010845954875906775,0.00441876699119736
468,8636,52,135,52,135,DepthHigh,DepthHigh,DepthHigh--DepthHigh,7,0.20297216864742199,0.00010841363041809715,0.004416896225075862
469,5455,31,62,31,62,DepthLow,DepthLow,DepthLow--DepthLow,7,0.1924869322158111,0.00010836994374555336,0.004415116379697557
470,9329,57,153,57,153,DepthHigh,DepthHigh,DepthHigh--DepthHigh,9,0.24166984449655388,0.00010831526297497823,0.00441288862209728
471,10008,62,182,62,182,DepthLow,DepthMid,DepthLow--DepthMid,6,0.16521081515488426,0.0001079339622890678,0.004397353992791707
472,7706,46,48,46,48,DepthLow,DepthLow,DepthLow--DepthLow,10,0.8892189819174282,0.0001077779737008137,0.004390998837965165
473,6928,40,149,40,149,DepthHigh,DepthLow,DepthHigh--DepthLow,8,0.21274904708945505,0.00010772174413227821,0.004388707980551349
474,9250,57,74,57,74,DepthHigh,DepthLow,DepthHigh--DepthLow,9,0.2688245959051548,0.00010751435594892783,0.004380258746994341
475,2644,14,90,14,90,DepthHigh,DepthMid,DepthHigh--DepthMid,10,0.29895715517869403,0.00010748405063405666,0.004379024073546565
476,8591,52,90,52,90,DepthHigh,DepthMid,DepthHigh--DepthMid,10,0.3540507543123266,0.00010744162696488725,0.004377295684381055
477,16679,136,156,136,156,DepthHigh,DepthMid,DepthHigh--DepthMid,3,0.10209524228001426,0.00010734007415475144,0.004373158305879802
478,14351,103,138,103,138,DepthMid,DepthHigh,DepthHigh--DepthMid,4,0.13223509121586138,0.00010724687327267358,0.00436936119455131
479,9605,59,166,59,166,DepthMid,DepthLow,DepthLow--DepthMid,5,0.14481732030219274,0.00010722445419293505,0.004368447815409915
480,10663,68,90,68,90,DepthLow,DepthMid,DepthLow--DepthMid,6,0.17144740470447395,0.00010693557344295299,0.004356678480786841
481,5211,29,137,29,137,DepthLow,DepthHigh,DepthHigh--DepthLow,5,0.1526360519055783,0.00010680420229617627,0.004351326268892043
482,11222,72,171,72,171,DepthLow,DepthLow,DepthLow--DepthLow,8,0.2284640218081089,0.00010670910208605922,0.0043474517767506955
483,8596,52,95,52,95,DepthHigh,DepthLow,DepthHigh--DepthLow,8,0.21774643875564562,0.00010669244970674315,0.004346773339629311
484,15185,113,157,113,157,DepthHigh,DepthMid,DepthHigh--DepthMid,4,0.12969703281524966,0.00010664065946523675,0.004344663345513966
485,2707,14,153,14,153,DepthHigh,DepthHigh,DepthHigh--DepthHigh,10,0.27202116472778576,0.0001066356204232773,0.004344458049138198
486,12985,88,182,88,182,DepthLow,DepthMid,DepthLow--DepthMid,7,0.20227645458060012,0.00010663502693111033,0.004344433869583452
487,5577,31,184,31,184,DepthLow,DepthMid,DepthLow--DepthMid,9,0.257580226861765,0.00010662376519522298,0.004343975053486834
488,2629,14,75,14,75,DepthHigh,DepthLow,DepthHigh--DepthLow,6,0.17961185088400272,0.00010661484882691435,0.004343611790367871
489,17770,163,167,163,167,DepthMid,DepthMid,DepthMid--DepthMid,10,0.784048671376064,0.00010655402681607948,0.004341133831563041
490,13783,97,107,97,107,DepthHigh,DepthMid,DepthHigh--DepthMid,7,0.20260819148717293,0.00010654409482609862,0.004340729190846881
491,7147,42,71,42,71,DepthHigh,DepthHigh,DepthHigh--DepthHigh,10,0.7647352368116911,0.0001064604555454899,0.0043373216301797945
492,3385,18,137,18,137,DepthHigh,DepthHigh,DepthHigh--DepthHigh,2,0.07686655388736063,0.00010645343054028255,0.0043370354233729395
493,4966,28,53,28,53,DepthLow,DepthHigh,DepthHigh--DepthLow,9,0.26108858752404485,0.00010644720222564475,0.004336781674657892
494,16605,135,136,135,136,DepthHigh,DepthHigh,DepthHigh--DepthHigh,10,0.5108378406298739,0.00010644232071221469,0.004336582796175927
495,6680,39,51,39,51,DepthMid,DepthMid,DepthMid--DepthMid,6,0.1769152886275607,0.00010640418103512155,0.004335028941783922
496,8051,48,108,48,108,DepthLow,DepthHigh,DepthHigh--DepthLow,2,0.09411659243692103,0.00010632430775195952,0.004331774812192262
497,14419,104,120,104,120,DepthMid,DepthHigh,DepthHigh--DepthMid,6,0.17606620872594866,0.00010623378697627645,0.004328086891486503
498,18000,173,182,173,182,DepthLow,DepthMid,DepthLow--DepthMid,8,0.2252055305494184,0.0001062061426763052,0.004326960630851959
499,14248,102,122,102,122,DepthHigh,DepthHigh,DepthHigh--DepthHigh,8,0.2288142285085975,0.00010604625453302157,0.004320446603660172
500,11465,74,181,74,181,DepthLow,DepthLow,DepthLow--DepthLow,6,0.1656992791963722,0.00010604507631211746,0.004320398601582909
