mouse_id,Condition,Network_Type,Value,Metric
M21_1107,Divergent,strong,0.2254753375585294,efficiency
M21_1107,Divergent,weak,0.3637962707817007,efficiency
M21_1107,Convergent,strong,0.2306087207547432,efficiency
M21_1107,Convergent,weak,0.2977542022595943,efficiency
M21_1107,Random,strong,0.2386330354682423,efficiency
M21_1107,Random,weak,0.4843391200514588,efficiency
M21_1107,Divergent,strong,0.382077897134744,modularity
M21_1107,Divergent,weak,0.2106493778026837,modularity
M21_1107,Convergent,strong,0.4635683019124803,modularity
M21_1107,Convergent,weak,0.2363523203699269,modularity
M21_1107,Random,strong,0.3907790564384081,modularity
M21_1107,Random,weak,0.1811641416934804,modularity
M21_1107,Divergent,strong,0.686113852330587,local_efficiency
M21_1107,Divergent,weak,0.4062144070475113,local_efficiency
M21_1107,Convergent,strong,0.7151232552503175,local_efficiency
M21_1107,Convergent,weak,0.1432416732762294,local_efficiency
M21_1107,Random,strong,0.6450757675820296,local_efficiency
M21_1107,Random,weak,0.5525498633674848,local_efficiency
M21_1107,Divergent,strong,0.6153763240860095,avg_clustering
M21_1107,Divergent,weak,0.2736410956071364,avg_clustering
M21_1107,Convergent,strong,0.6312721880153561,avg_clustering
M21_1107,Convergent,weak,0.0829532141762085,avg_clustering
M21_1107,Random,strong,0.5651148112219998,avg_clustering
M21_1107,Random,weak,0.4152182991926482,avg_clustering
M71_1024,Divergent,strong,0.2890852647844494,efficiency
M71_1024,Divergent,weak,0.3564831202884538,efficiency
M71_1024,Convergent,strong,0.2064407298153647,efficiency
M71_1024,Convergent,weak,0.3966863323500361,efficiency
M71_1024,Random,strong,0.2513249988294647,efficiency
M71_1024,Random,weak,0.3593975745657467,efficiency
M71_1024,Divergent,strong,0.5237678132472805,modularity
M71_1024,Divergent,weak,0.2201872429881376,modularity
M71_1024,Convergent,strong,0.4362307258513309,modularity
M71_1024,Convergent,weak,0.2494860536534606,modularity
M71_1024,Random,strong,0.5978553224785059,modularity
M71_1024,Random,weak,0.2451389434835441,modularity
M71_1024,Divergent,strong,0.7331285465322939,local_efficiency
M71_1024,Divergent,weak,0.1959720995662218,local_efficiency
M71_1024,Convergent,strong,0.7772558102730326,local_efficiency
M71_1024,Convergent,weak,0.3402974175945655,local_efficiency
M71_1024,Random,strong,0.7262402466410064,local_efficiency
M71_1024,Random,weak,0.1308225871714653,local_efficiency
M71_1024,Divergent,strong,0.621601839681481,avg_clustering
M71_1024,Divergent,weak,0.1222981579309967,avg_clustering
M71_1024,Convergent,strong,0.6993708133598557,avg_clustering
M71_1024,Convergent,weak,0.2268134264558481,avg_clustering
M71_1024,Random,strong,0.616161137231979,avg_clustering
M71_1024,Random,weak,0.0777372567275822,avg_clustering
M73_1128,Divergent,strong,0.3229013107129395,efficiency
M73_1128,Divergent,weak,0.4890198586742855,efficiency
M73_1128,Convergent,strong,0.3063314753898344,efficiency
M73_1128,Convergent,weak,0.472371339952757,efficiency
M73_1128,Random,strong,0.2696216999230642,efficiency
M73_1128,Random,weak,0.4922185926330155,efficiency
M73_1128,Divergent,strong,0.3547203497762915,modularity
M73_1128,Divergent,weak,0.1524099262865615,modularity
M73_1128,Convergent,strong,0.3244843659205264,modularity
M73_1128,Convergent,weak,0.1747757997730395,modularity
M73_1128,Random,strong,0.2518497829253405,modularity
M73_1128,Random,weak,0.173438317775999,modularity
M73_1128,Divergent,strong,0.769594144046652,local_efficiency
M73_1128,Divergent,weak,0.6142858999383861,local_efficiency
M73_1128,Convergent,strong,0.7477470765830357,local_efficiency
M73_1128,Convergent,weak,0.4932771465451044,local_efficiency
M73_1128,Random,strong,0.7106737333270999,local_efficiency
M73_1128,Random,weak,0.536581601888321,local_efficiency
M73_1128,Divergent,strong,0.654629921981935,avg_clustering
M73_1128,Divergent,weak,0.3911895971757899,avg_clustering
M73_1128,Convergent,strong,0.6296962390967796,avg_clustering
M73_1128,Convergent,weak,0.2656543608211391,avg_clustering
M73_1128,Random,strong,0.6138386522106353,avg_clustering
M73_1128,Random,weak,0.2990889918620845,avg_clustering
M77_1031,Divergent,strong,0.351474585912691,efficiency
M77_1031,Divergent,weak,0.4970203310819991,efficiency
M77_1031,Convergent,strong,0.3380709290912047,efficiency
M77_1031,Convergent,weak,0.5247036838942749,efficiency
M77_1031,Random,strong,0.3120036392759763,efficiency
M77_1031,Random,weak,0.5148075513560219,efficiency
M77_1031,Divergent,strong,0.2668941583932128,modularity
M77_1031,Divergent,weak,0.1610410644186648,modularity
M77_1031,Convergent,strong,0.3091411985352659,modularity
M77_1031,Convergent,weak,0.1530447388116868,modularity
M77_1031,Random,strong,0.2340817251061757,modularity
M77_1031,Random,weak,0.1546680331574413,modularity
M77_1031,Divergent,strong,0.7745785610035789,local_efficiency
M77_1031,Divergent,weak,0.6070042478832527,local_efficiency
M77_1031,Convergent,strong,0.7869720151932376,local_efficiency
M77_1031,Convergent,weak,0.7431457392342025,local_efficiency
M77_1031,Random,strong,0.7618310456595077,local_efficiency
M77_1031,Random,weak,0.6668647051756766,local_efficiency
M77_1031,Divergent,strong,0.6318095192302111,avg_clustering
M77_1031,Divergent,weak,0.3475376249031147,avg_clustering
M77_1031,Convergent,strong,0.6614576498409427,avg_clustering
M77_1031,Convergent,weak,0.5076608030872599,avg_clustering
M77_1031,Random,strong,0.6396889719708356,avg_clustering
M77_1031,Random,weak,0.4020597512407775,avg_clustering
M77_1107,Divergent,strong,0.234511807142512,efficiency
M77_1107,Divergent,weak,0.3410393422054935,efficiency
M77_1107,Convergent,strong,0.2656960741010707,efficiency
M77_1107,Convergent,weak,0.4211643590088523,efficiency
M77_1107,Random,strong,0.2191703634000846,efficiency
M77_1107,Random,weak,0.4776291616256798,efficiency
M77_1107,Divergent,strong,0.5140893290269524,modularity
M77_1107,Divergent,weak,0.2769246932790386,modularity
M77_1107,Convergent,strong,0.4576704241833605,modularity
M77_1107,Convergent,weak,0.2489788044177238,modularity
M77_1107,Random,strong,0.4606520435685962,modularity
M77_1107,Random,weak,0.2331975965901577,modularity
M77_1107,Divergent,strong,0.7376216847321396,local_efficiency
M77_1107,Divergent,weak,0.1613773987784468,local_efficiency
M77_1107,Convergent,strong,0.7206851411051122,local_efficiency
M77_1107,Convergent,weak,0.3872031432501279,local_efficiency
M77_1107,Random,strong,0.7541887200065115,local_efficiency
M77_1107,Random,weak,0.4147024745936669,local_efficiency
M77_1107,Divergent,strong,0.6454799287139551,avg_clustering
M77_1107,Divergent,weak,0.0941523657642692,avg_clustering
M77_1107,Convergent,strong,0.6344923634030413,avg_clustering
M77_1107,Convergent,weak,0.2805901168731409,avg_clustering
M77_1107,Random,strong,0.6682085692068296,avg_clustering
M77_1107,Random,weak,0.2751804553609172,avg_clustering
M78_1017,Divergent,strong,0.3233424889288905,efficiency
M78_1017,Divergent,weak,0.5072543617999794,efficiency
M78_1017,Convergent,strong,0.3498065021015115,efficiency
M78_1017,Convergent,weak,0.5093793736743051,efficiency
M78_1017,Random,strong,0.3436137777238117,efficiency
M78_1017,Random,weak,0.4854934929234653,efficiency
M78_1017,Divergent,strong,0.2526985386792084,modularity
M78_1017,Divergent,weak,0.1600811847707984,modularity
M78_1017,Convergent,strong,0.2736623772004504,modularity
M78_1017,Convergent,weak,0.1498208971920564,modularity
M78_1017,Random,strong,0.2878641325634557,modularity
M78_1017,Random,weak,0.1449831760519042,modularity
M78_1017,Divergent,strong,0.779019957145489,local_efficiency
M78_1017,Divergent,weak,0.5335959724570634,local_efficiency
M78_1017,Convergent,strong,0.7818215445010843,local_efficiency
M78_1017,Convergent,weak,0.650464828760452,local_efficiency
M78_1017,Random,strong,0.7523787134536962,local_efficiency
M78_1017,Random,weak,0.5849768255301317,local_efficiency
M78_1017,Divergent,strong,0.6596857605186364,avg_clustering
M78_1017,Divergent,weak,0.2666568958217008,avg_clustering
M78_1017,Convergent,strong,0.649815710787514,avg_clustering
M78_1017,Convergent,weak,0.3902758076435626,avg_clustering
M78_1017,Random,strong,0.6139704316035722,avg_clustering
M78_1017,Random,weak,0.3180165703774644,avg_clustering
M79_1128,Divergent,strong,0.3047963843071663,efficiency
M79_1128,Divergent,weak,0.3957135330424718,efficiency
M79_1128,Convergent,strong,0.282894758535638,efficiency
M79_1128,Convergent,weak,0.3775151788851981,efficiency
M79_1128,Random,strong,0.3028096886805473,efficiency
M79_1128,Random,weak,0.4040844999750855,efficiency
M79_1128,Divergent,strong,0.3797856948759189,modularity
M79_1128,Divergent,weak,0.1882576644696487,modularity
M79_1128,Convergent,strong,0.3722108295725802,modularity
M79_1128,Convergent,weak,0.1914423928608117,modularity
M79_1128,Random,strong,0.3432655658819293,modularity
M79_1128,Random,weak,0.1723970379654948,modularity
M79_1128,Divergent,strong,0.734494007954443,local_efficiency
M79_1128,Divergent,weak,0.3064153572100349,local_efficiency
M79_1128,Convergent,strong,0.7281748199261862,local_efficiency
M79_1128,Convergent,weak,0.2285542434594706,local_efficiency
M79_1128,Random,strong,0.7536081952833756,local_efficiency
M79_1128,Random,weak,0.2696979664924383,local_efficiency
M79_1128,Divergent,strong,0.620578329264686,avg_clustering
M79_1128,Divergent,weak,0.1559250498820527,avg_clustering
M79_1128,Convergent,strong,0.6107428004857346,avg_clustering
M79_1128,Convergent,weak,0.1080473948029858,avg_clustering
M79_1128,Random,strong,0.6452372503640756,avg_clustering
M79_1128,Random,weak,0.140012008783378,avg_clustering
M91_1017,Divergent,strong,0.2287621991877599,efficiency
M91_1017,Divergent,weak,0.3406558768260958,efficiency
M91_1017,Convergent,strong,0.2443339481637718,efficiency
M91_1017,Convergent,weak,0.3760623143601776,efficiency
M91_1017,Random,strong,0.2050824536640274,efficiency
M91_1017,Random,weak,0.3922955688912801,efficiency
M91_1017,Divergent,strong,0.3351043712616718,modularity
M91_1017,Divergent,weak,0.19585158135386,modularity
M91_1017,Convergent,strong,0.3219668558740086,modularity
M91_1017,Convergent,weak,0.2223972866862018,modularity
M91_1017,Random,strong,0.3410740429985868,modularity
M91_1017,Random,weak,0.2020050575355584,modularity
M91_1017,Divergent,strong,0.6451579669167364,local_efficiency
M91_1017,Divergent,weak,0.4209894724726429,local_efficiency
M91_1017,Convergent,strong,0.6563659805809069,local_efficiency
M91_1017,Convergent,weak,0.3345294286999029,local_efficiency
M91_1017,Random,strong,0.5940184108333377,local_efficiency
M91_1017,Random,weak,0.4177163568189279,local_efficiency
M91_1017,Divergent,strong,0.5526875589286193,avg_clustering
M91_1017,Divergent,weak,0.2697586741984727,avg_clustering
M91_1017,Convergent,strong,0.5617765386728647,avg_clustering
M91_1017,Convergent,weak,0.205935655514395,avg_clustering
M91_1017,Random,strong,0.5105240752102472,avg_clustering
M91_1017,Random,weak,0.2744035051481899,avg_clustering
