level_type,overlap_category,n_neurons,n_important_neurons,important_fraction,mean_selectivity_index,sem_selectivity_index,mean_decoder_importance,sem_decoder_importance,mean_ablation_effect_proxy,sem_ablation_effect_proxy,n_actual_ablation_eval,mean_ablation_drop_actual,sem_ablation_drop_actual,mouse_id
coarse,Condition_Biased,118,31,0.2627118644067774,0.2674559204475603,0.0158923194748244,0.0053102038268352,7.955348174464049e-05,0.0053102038268352,7.955348174464049e-05,30,-0.0019047619047619,0.0008419872807018,M21_1107
coarse,Shared_Core,73,8,0.1095890410958889,0.1676644772484095,0.009377679808165,0.0051150129922321,6.543223721551125e-05,0.0051150129922321,6.543223721551125e-05,30,-0.0012698412698412,0.0007549398861331,M21_1107
detail,Biased_Convergent,29,10,0.3448275862068847,0.2707504917540856,0.0270663928046759,0.005258925483225,0.0001566887111453,0.005258925483225,0.0001566887111453,9,-0.001058201058201,0.001058201058201,M21_1107
detail,Biased_Divergent,9,0,0.0,0.1807633706078491,0.0395470769111814,0.0045279475100404,0.0001256194472581,0.0045279475100404,0.0001256194472581,0,,,M21_1107
detail,Biased_Random,80,21,0.2624999999999967,0.2760145502059124,0.0206907603982526,0.0054167960620333,9.728140419700652e-05,0.0054167960620333,9.728140419700652e-05,21,-0.0022675736961451,0.0011200987787055,M21_1107
detail,Shared_Core,73,8,0.1095890410958889,0.1676644772484095,0.009377679808165,0.0051150129922321,6.543223721551125e-05,0.0051150129922321,6.543223721551125e-05,30,-0.0012698412698412,0.0007549398861331,M21_1107
coarse,Condition_Biased,129,27,0.2093023255813937,0.2890873005666818,0.0154953746330628,0.0044495156535368,6.388242119502041e-05,0.0044495156535368,6.388242119502041e-05,30,-0.0051851851851852,0.0016333407181351,M71_1024
coarse,Shared_Core,97,19,0.1958762886597918,0.1519512128229233,0.0105081948233881,0.0043918812442603,5.889929501541738e-05,0.0043918812442603,5.889929501541738e-05,30,-0.0046913580246913,0.0016461614856285,M71_1024
detail,Biased_Convergent,64,15,0.2343749999999963,0.2444610882714808,0.0149632141928652,0.0045157538742587,0.0001022319483734,0.0045157538742587,0.0001022319483734,15,-0.008395061728395,0.0021525426881682,M71_1024
detail,Biased_Divergent,27,6,0.222222222222214,0.2926037533298003,0.0305898669565933,0.0044704845560783,0.0001110056441535,0.0044704845560783,0.0001110056441535,9,-0.0016460905349794,0.0023995686810062,M71_1024
detail,Biased_Random,38,6,0.1578947368421011,0.3617487048374362,0.0384309789512908,0.0043230575878835,0.0001056523741097,0.0043230575878835,0.0001056523741097,6,-0.0024691358024691,0.0045528614603915,M71_1024
detail,Shared_Core,97,19,0.1958762886597918,0.1519512128229233,0.0105081948233881,0.0043918812442603,5.889929501541738e-05,0.0043918812442603,5.889929501541738e-05,30,-0.0046913580246913,0.0016461614856285,M71_1024
coarse,Condition_Biased,360,67,0.1861111111111106,0.43300491306519,0.0113128738032401,0.0019355065959076,1.1009690328229456e-05,0.0019355065959076,1.1009690328229456e-05,30,-0.0006349206349206,0.0009056209252302,M73_1128
coarse,Shared_Core,153,36,0.2352941176470573,0.2646540748149931,0.0101946099073503,0.0019818145455734,1.6795296921756392e-05,0.0019818145455734,1.6795296921756392e-05,30,0.0009523809523809,0.0010561922184155,M73_1128
detail,Biased_Convergent,189,36,0.1904761904761894,0.4680483093653312,0.0163263010625182,0.0019472934906083,1.5926896840007796e-05,0.0019472934906083,1.5926896840007796e-05,21,-0.001814058956916,0.0008362398600719,M73_1128
detail,Biased_Divergent,82,12,0.1463414634146323,0.3886957722231503,0.0218101342536253,0.0019002011059885,1.9796358699421675e-05,0.0019002011059885,1.9796358699421675e-05,4,0.0023809523809523,0.0045591767036015,M73_1128
detail,Biased_Random,89,19,0.2134831460674133,0.3994110664171061,0.0208852889199865,0.0019430046529294,2.236038808479848e-05,0.0019430046529294,2.236038808479848e-05,5,0.0019047619047618,0.0019047619047618,M73_1128
detail,Shared_Core,153,36,0.2352941176470573,0.2646540748149931,0.0101946099073503,0.0019818145455734,1.6795296921756392e-05,0.0019818145455734,1.6795296921756392e-05,30,0.0009523809523809,0.0010561922184155,M73_1128
coarse,Condition_Biased,442,77,0.1742081447963797,0.3198252040496111,0.0082576118321363,0.001392242789113,8.450605349877696e-06,0.001392242789113,8.450605349877696e-06,30,0.0051679586563306,0.0006785862163293,M77_1031
coarse,Shared_Core,269,66,0.2453531598513001,0.2132491454009625,0.0077176585304216,0.0014298464208606,1.0921810902271628e-05,0.0014298464208606,1.0921810902271628e-05,30,0.0046511627906976,0.0007052074823989,M77_1031
detail,Biased_Convergent,140,33,0.235714285714284,0.3616463171999223,0.0136606238715102,0.0014386135723749,1.6060735307410045e-05,0.0014386135723749,1.6060735307410045e-05,11,0.0049330514446792,0.0011792248435998,M77_1031
detail,Biased_Divergent,170,15,0.0882352941176465,0.3494958020266888,0.0138547671744637,0.0013472837201585,1.1816707125305047e-05,0.0013472837201585,1.1816707125305047e-05,8,0.006782945736434,0.000968992248062,M77_1031
detail,Biased_Random,132,29,0.219696969696968,0.2372573442227414,0.0128394490868143,0.0014009634865797,1.564752547818231e-05,0.0014009634865797,1.564752547818231e-05,11,0.0042283298097251,0.0012206136769336,M77_1031
detail,Shared_Core,269,66,0.2453531598513001,0.2132491454009625,0.0077176585304216,0.0014298464208606,1.0921810902271628e-05,0.0014298464208606,1.0921810902271628e-05,30,0.0046511627906976,0.0007052074823989,M77_1031
coarse,Condition_Biased,94,18,0.1914893617021256,0.2987906683461769,0.0174876142216151,0.0057241520081741,5.0525410078515526e-05,0.0057241520081741,5.0525410078515526e-05,30,0.0137373737373737,0.001836281289118,M77_1107
coarse,Shared_Core,79,17,0.2151898734177188,0.2029544012397633,0.0103110031515644,0.0058472115345712,4.473429573377018e-05,0.0058472115345712,4.473429573377018e-05,30,0.0137373737373737,0.0015357934437342,M77_1107
detail,Biased_Convergent,43,9,0.2093023255813904,0.3567761389789033,0.0266713470085501,0.0058054467614237,6.57061067114753e-05,0.0058054467614237,6.57061067114753e-05,17,0.0124777183600713,0.0020440900073404,M77_1107
detail,Biased_Divergent,17,4,0.235294117647045,0.1799922048944771,0.0246376808223849,0.0056576795081723,0.0001290573987814,0.0056576795081723,0.0001290573987814,4,0.0242424242424242,0.0042854956435548,M77_1107
detail,Biased_Random,34,5,0.1470588235294074,0.2848553342718142,0.0272395966381266,0.005654574305536,9.184882407714308e-05,0.005654574305536,9.184882407714308e-05,9,0.0114478114478114,0.0038389744952832,M77_1107
detail,Shared_Core,79,17,0.2151898734177188,0.2029544012397633,0.0103110031515644,0.0058472115345712,4.473429573377018e-05,0.0058472115345712,4.473429573377018e-05,30,0.0137373737373737,0.0015357934437342,M77_1107
coarse,Condition_Biased,404,77,0.1905940594059401,0.2977437247127622,0.0094321113231268,0.0013644932469683,6.283391035050471e-06,0.0013644932469683,6.283391035050471e-06,30,0.0079365079365079,0.0016586762526279,M78_1017
coarse,Shared_Core,322,69,0.2142857142857136,0.2175517176005522,0.0071837897724787,0.0013936171683983,6.544261851020768e-06,0.0013936171683983,6.544261851020768e-06,30,0.0058201058201058,0.001741021045515,M78_1017
detail,Biased_Convergent,101,22,0.2178217821782156,0.2648933407692194,0.013146029842985,0.001381514273998,1.2867871198740733e-05,0.001381514273998,1.2867871198740733e-05,11,0.0072150072150071,0.002258654522727,M78_1017
detail,Biased_Divergent,137,19,0.1386861313868603,0.36615075973151,0.020289541737224,0.0013389820801261,9.588304391057602e-06,0.0013389820801261,9.588304391057602e-06,3,0.0052910052910052,0.0069993420927634,M78_1017
detail,Biased_Random,166,36,0.2168674698795167,0.2612745980906499,0.0122318513160606,0.0013751914766513,1.029899026543257e-05,0.0013751914766513,1.029899026543257e-05,16,0.0089285714285714,0.0024966383714519,M78_1017
detail,Shared_Core,322,69,0.2142857142857136,0.2175517176005522,0.0071837897724787,0.0013936171683983,6.544261851020768e-06,0.0013936171683983,6.544261851020768e-06,30,0.0058201058201058,0.001741021045515,M78_1017
coarse,Condition_Biased,154,31,0.2012987012987,0.1387152784652643,0.0070513910949378,0.002734840489733,1.6019545731897806e-05,0.002734840489733,1.6019545731897806e-05,30,-0.0058585858585858,0.0016304661282301,M79_1128
coarse,Shared_Core,211,42,0.1990521327014208,0.108436182912376,0.0045184890887742,0.0027432917752635,1.2725626529875096e-05,0.0027432917752635,1.2725626529875096e-05,30,-0.0044444444444444,0.0012973626534314,M79_1128
detail,Biased_Convergent,70,12,0.171428571428569,0.1447677620326286,0.0112873540862246,0.0027414026725717,2.24634109325646e-05,0.0027414026725717,2.24634109325646e-05,12,-0.0030303030303029,0.0017495462702715,M79_1128
detail,Biased_Divergent,57,14,0.2456140350877149,0.1173133820347634,0.0092861564717126,0.002716394077625,2.8550897991222397e-05,0.002716394077625,2.8550897991222397e-05,13,-0.006060606060606,0.0028293926116601,M79_1128
detail,Biased_Random,27,5,0.1851851851851783,0.1682054357550068,0.0180526671908556,0.0027567698486752,3.721065041227435e-05,0.0027567698486752,3.721065041227435e-05,5,-0.012121212121212,0.0042854956435548,M79_1128
detail,Shared_Core,211,42,0.1990521327014208,0.108436182912376,0.0045184890887742,0.0027432917752635,1.2725626529875096e-05,0.0027432917752635,1.2725626529875096e-05,30,-0.0044444444444444,0.0012973626534314,M79_1128
coarse,Condition_Biased,122,27,0.2213114754098342,0.2681097446542811,0.0128941659714803,0.0042676197815783,4.586483802320868e-05,0.0042676197815783,4.586483802320868e-05,30,-0.0039506172839505,0.0012165565670151,M91_1017
coarse,Shared_Core,113,20,0.1769911504424763,0.1969890516335847,0.0093833824810277,0.0042420388198844,4.3334865957895975e-05,0.0042420388198844,4.3334865957895975e-05,30,-0.0034567901234567,0.0008504038136523,M91_1017
detail,Biased_Convergent,40,4,0.0999999999999975,0.2432461607056701,0.0162013972240235,0.0040809480132791,7.578723244178935e-05,0.0040809480132791,7.578723244178935e-05,4,-0.0037037037037035,0.0021383343303319,M91_1017
detail,Biased_Divergent,36,11,0.305555555555547,0.2916871298636805,0.0227404628605779,0.004349056486352,8.866425331220532e-05,0.004349056486352,8.866425331220532e-05,11,-0.0026936026936026,0.0026936026936026,M91_1017
detail,Biased_Random,46,12,0.2608695652173856,0.2712783857500652,0.0255193583347873,0.004366209985059,6.987875188504392e-05,0.004366209985059,6.987875188504392e-05,15,-0.0049382716049381,0.0013842269397071,M91_1017
detail,Shared_Core,113,20,0.1769911504424763,0.1969890516335847,0.0093833824810277,0.0042420388198844,4.3334865957895975e-05,0.0042420388198844,4.3334865957895975e-05,30,-0.0034567901234567,0.0008504038136523,M91_1017
