mouse_id,Condition,Entropy,Mean_RSM_Sim,Mean_Correlation,Strong_Correlation,Weak_Correlation,Strong_Weak_Gap,Participants_Ratio,Gini_Mean,Gini_STD,PR_Mean,PR_STD,PR_Norm_Mean,PR_Norm_STD,Effective_Dim_PR,Effective_Dim_eRank,Effective_Dim_90Var,GraphStrong_efficiency,GraphWeak_efficiency,GraphGap_efficiency,GraphStrong_modularity,GraphWeak_modularity,GraphGap_modularity,GraphStrong_local_efficiency,GraphWeak_local_efficiency,GraphGap_local_efficiency,GraphStrong_avg_clustering,GraphWeak_avg_clustering,GraphGap_avg_clustering
M21_1107,Divergent,3.5105376275670985,0.5300107044554198,0.2216782372901086,0.42253478502188785,0.08260654723865016,0.33992823778323766,1.5199352481378565,0.6076147501060624,0.0912515753700163,25.37481028415455,10.600900084520427,0.1328524098646835,0.055502094683353,13.04593691410557,18.210752784001105,17.0,0.2254753375585294,0.3637962707817007,-0.1383209332231713,0.382077897134744,0.2106493778026837,0.1714285193320603,0.686113852330587,0.4062144070475113,0.2798994452830757,0.6153763240860095,0.2736410956071364,0.3417352284788731
M21_1107,Convergent,3.777242004450749,0.5825314495575878,0.20641223265814082,0.40299276679051843,0.07336023555367881,0.3296325312368396,2.1405843071169595,0.6056401066743977,0.1010019987698463,24.45626923793421,8.550331512561215,0.1280432944394461,0.0447661335736189,10.448281448293612,16.232794038650866,17.0,0.2306087207547432,0.2977542022595943,-0.06714548150485111,0.4635683019124803,0.2363523203699269,0.22721598154255337,0.7151232552503175,0.1432416732762294,0.5718815819740881,0.6312721880153561,0.0829532141762085,0.5483189738391476
M21_1107,Random,3.5031115375569377,0.6674495828585564,0.24579188933181656,0.4500374118768423,0.06616639389239337,0.38387101798444895,2.129898776140871,0.5636040505515885,0.0994201206953305,30.28244972730605,11.972833159150314,0.1585468572110264,0.0626849903620435,11.059593933955725,16.999452631343633,17.0,0.2386330354682423,0.4843391200514588,-0.2457060845832165,0.3907790564384081,0.1811641416934804,0.2096149147449277,0.6450757675820296,0.5525498633674848,0.09252590421454476,0.5651148112219998,0.4152182991926482,0.14989651202935161
M71_1024,Divergent,3.9585695576534916,0.5664061942884462,0.17783450339038742,0.37783917296650604,0.04549640432727778,0.3323427686392283,1.5856371534953857,0.6736872561122662,0.0619852480228443,18.133081181079923,8.781707646080429,0.0802348724826545,0.0388571134782319,8.755962624479979,15.096778092668265,16.0,0.2890852647844494,0.3564831202884538,-0.0673978555040044,0.5237678132472805,0.2201872429881376,0.30358057025914287,0.7331285465322939,0.1959720995662218,0.5371564469660721,0.621601839681481,0.1222981579309967,0.4993036817504843
M71_1024,Convergent,4.054716739264973,0.5220554724628008,0.17778559541083366,0.38064000564595263,0.044535613812218676,0.336104391833734,1.3690233945230734,0.6878860000125887,0.0652604916473446,17.348848823602527,7.108276887919745,0.0767648178035509,0.0314525526014148,8.551752884248469,15.220489473307545,17.0,0.2064407298153647,0.3966863323500361,-0.19024560253467138,0.4362307258513309,0.2494860536534606,0.18674467219787028,0.7772558102730326,0.3402974175945655,0.4369583926784671,0.6993708133598557,0.2268134264558481,0.4725573869040076
M71_1024,Random,3.7369135475700754,0.6121628450269122,0.15661570553301934,0.3543040314803662,0.032600220454872667,0.32170381102549356,3.1884204989367455,0.702907453069802,0.065617610997983,20.249246969825144,8.172991462367124,0.0895984379195802,0.0361636790370226,10.16716945306418,15.869096061402166,16.0,0.2513249988294647,0.3593975745657467,-0.10807257573628204,0.5978553224785059,0.2451389434835441,0.35271637899496183,0.7262402466410064,0.1308225871714653,0.5954176594695411,0.616161137231979,0.0777372567275822,0.5384238805043968
M73_1128,Divergent,3.6448440571472536,0.5376774274915542,0.17153139213500068,0.3429309062491119,0.04410459464371005,0.29882631160540185,2.348027083162525,0.6274301252327228,0.0760271836255999,51.2927953334498,25.042685880789293,0.0999859558156916,0.048816151814404,11.95048309717454,18.287466244489348,20.0,0.3229013107129395,0.4890198586742855,-0.166118547961346,0.3547203497762915,0.1524099262865615,0.20231042348973002,0.769594144046652,0.6142858999383861,0.15530824410826594,0.654629921981935,0.3911895971757899,0.26344032480614515
M73_1128,Convergent,3.560693668622442,0.5556323657112117,0.18731436353374686,0.36051678666321335,0.05351691911071059,0.30699986755250275,2.0019354919480503,0.5807167640545787,0.0808507357810837,68.22982318362263,32.09363875890187,0.1330016046464378,0.0625606993350913,14.440349700377332,20.91830305251628,21.0,0.3063314753898344,0.472371339952757,-0.16603986456292258,0.3244843659205264,0.1747757997730395,0.14970856614748687,0.7477470765830357,0.4932771465451044,0.25446993003793134,0.6296962390967796,0.2656543608211391,0.36404187827564055
M73_1128,Random,3.485461299202891,0.6646790138128604,0.1507558531607294,0.35214355961689076,0.01294302360801249,0.3392005360088783,3.885557451647282,0.6641442037850662,0.0516087419244955,40.26505022401,24.379447920679663,0.0784893766549902,0.0475232902937225,8.813950927811558,16.12077009197671,19.0,0.2696216999230642,0.4922185926330155,-0.2225968927099513,0.2518497829253405,0.173438317775999,0.0784114651493415,0.7106737333270999,0.536581601888321,0.17409213143877889,0.6138386522106353,0.2990889918620845,0.3147496603485508
M77_1031,Divergent,3.610933840330969,0.5076448926074791,0.18836946223426196,0.352668643281887,0.060581458575321205,0.2920871847065658,1.7739637361189848,0.636087889602243,0.0754749686717017,63.76994244291001,22.653247378950702,0.0896904957002953,0.0318611074246845,15.879183063890634,24.18329378896564,25.0,0.351474585912691,0.4970203310819991,-0.14554574516930813,0.2668941583932128,0.1610410644186648,0.10585309397454798,0.7745785610035789,0.6070042478832527,0.16757431312032622,0.6318095192302111,0.3475376249031147,0.28427189432709643
M77_1031,Convergent,3.26321234764482,0.5618132554650579,0.18895652897132234,0.3577016284940721,0.05832672307463429,0.29937490541943784,1.6347429320928526,0.6223679262705817,0.0544486700114737,62.463171051437406,16.616925284601894,0.0878525612537797,0.0233712029319295,15.121408108001011,24.26773791674452,26.0,0.3380709290912047,0.5247036838942749,-0.18663275480307023,0.3091411985352659,0.1530447388116868,0.1560964597235791,0.7869720151932376,0.7431457392342025,0.0438262759590351,0.6614576498409427,0.5076608030872599,0.15379684675368277
M77_1031,Random,3.526574111246176,0.5699683586576147,0.16824658871268516,0.34866347992615826,0.033477012969522,0.31518646695663627,2.3147771314989765,0.6885879363834979,0.0665743762386493,44.70667448620184,23.44052847979707,0.0628785857752487,0.0329683944863531,13.61400375996424,21.661179348601767,23.0,0.3120036392759763,0.5148075513560219,-0.20280391208004556,0.2340817251061757,0.1546680331574413,0.0794136919487344,0.7618310456595077,0.6668647051756766,0.09496634048383101,0.6396889719708356,0.4020597512407775,0.23762922073005815
M77_1107,Divergent,4.093944263717195,0.496254819701779,0.1932769987639716,0.40155469944863753,0.059119972869999905,0.3424347265786376,1.4862400645264127,0.6406802327316811,0.111085175836865,19.547868330638384,12.238053646794,0.1129934585586033,0.0707401944901387,9.398325132823723,15.65507962423271,17.0,0.234511807142512,0.3410393422054935,-0.10652753506298149,0.5140893290269524,0.2769246932790386,0.23716463574791374,0.7376216847321396,0.1613773987784468,0.5762442859536928,0.6454799287139551,0.0941523657642692,0.5513275629496859
M77_1107,Convergent,3.9499703009125047,0.550057131436969,0.20802971968196307,0.4002164832206066,0.07434790085144635,0.3258685823691603,1.388740996248671,0.6005597275361552,0.1012530833965292,21.501317414579365,12.794461788531228,0.1242850717605743,0.0739564265233019,10.513561135937096,16.914740721315255,17.0,0.2656960741010707,0.4211643590088523,-0.15546828490778158,0.4576704241833605,0.2489788044177238,0.20869161976563672,0.7206851411051122,0.3872031432501279,0.3334819978549843,0.6344923634030413,0.2805901168731409,0.3539022465299004
M77_1107,Random,3.8567759283645144,0.5962093607851664,0.18725110180278057,0.39842008505067383,0.03648407166034013,0.3619360133903337,2.5186596203204674,0.6188939954884507,0.0960893710117369,17.783666227393653,11.470792719751737,0.1027957585398477,0.0663051602297788,9.876006901402311,16.134185644807857,17.0,0.2191703634000846,0.4776291616256798,-0.2584587982255952,0.4606520435685962,0.2331975965901577,0.22745444697843847,0.7541887200065115,0.4147024745936669,0.3394862454128446,0.6682085692068296,0.2751804553609172,0.3930281138459124
M78_1017,Divergent,3.7689376056573023,0.5033026478570992,0.18678354701772454,0.3565265633724112,0.0632244803414611,0.29330208303095007,1.6630258071401307,0.6370886923549319,0.0940425176137758,56.32292291548784,22.864417057313396,0.0775797836301485,0.0314936874067677,13.090954320082451,21.26292801765573,23.0,0.3233424889288905,0.5072543617999794,-0.1839118728710889,0.2526985386792084,0.1600811847707984,0.09261735390840997,0.779019957145489,0.5335959724570634,0.24542398468842563,0.6596857605186364,0.2666568958217008,0.39302886469693554
M78_1017,Convergent,3.721147312739631,0.5572009387844401,0.18794049076785782,0.356956425139626,0.05414161326001762,0.3028148118796084,1.840728270823138,0.644191946584141,0.0678067808110613,46.27342202404324,27.26809327682649,0.063737495900886,0.0375593571306149,11.23194289157456,19.840556607010463,23.0,0.3498065021015115,0.5093793736743051,-0.1595728715727936,0.2736623772004504,0.1498208971920564,0.12384148000839398,0.7818215445010843,0.650464828760452,0.13135671574063235,0.649815710787514,0.3902758076435626,0.25953990314395137
M78_1017,Random,3.269179723827671,0.6578682940971997,0.19547069849930201,0.36438828295997927,0.06333526825173731,0.301053014708242,2.3660838499321786,0.6497469788462455,0.0784245771462154,43.981876329092565,19.19561888186673,0.0605810968720283,0.0264402463937558,14.709540402725429,22.90545489359237,24.0,0.3436137777238117,0.4854934929234653,-0.1418797151996536,0.2878641325634557,0.1449831760519042,0.14288095651155153,0.7523787134536962,0.5849768255301317,0.16740188792356447,0.6139704316035722,0.3180165703774644,0.29595386122610784
M79_1128,Divergent,3.702322143117022,0.566123549773773,0.23950422361147403,0.4088454474847075,0.11004534201401996,0.2988001054706876,1.343897797527775,0.5441545985813223,0.100509702976032,58.205226256213926,22.4847829139408,0.1594663733046957,0.0616021449697008,15.607311024091532,25.136039530425865,27.0,0.3047963843071663,0.3957135330424718,-0.09091714873530549,0.3797856948759189,0.1882576644696487,0.1915280304062702,0.734494007954443,0.3064153572100349,0.4280786507444081,0.620578329264686,0.1559250498820527,0.46465327938263334
M79_1128,Convergent,3.515811611239929,0.5642781216770748,0.24206441493198208,0.4128069914889452,0.11297030090775195,0.2998366905811932,1.4720453639673812,0.5600706321952903,0.0703746276946051,51.88030092744074,21.28343629166361,0.1421378107601116,0.0583107843607222,14.340021659108462,23.53830687731987,26.0,0.282894758535638,0.3775151788851981,-0.09462042034956009,0.3722108295725802,0.1914423928608117,0.18076843671176854,0.7281748199261862,0.2285542434594706,0.49962057646671554,0.6107428004857346,0.1080473948029858,0.5026954056827488
M79_1128,Random,3.814936211121976,0.5514297170124138,0.22945058766833062,0.4040420911219902,0.09743022712143405,0.3066118640005561,1.6072641658976006,0.579772413658718,0.0943910999657885,51.27567053665962,21.385195124530902,0.1404812891415332,0.0585895756836463,14.044982238569856,23.293620630713363,26.0,0.3028096886805473,0.4040844999750855,-0.10127481129453819,0.3432655658819293,0.1723970379654948,0.1708685279164345,0.7536081952833756,0.2696979664924383,0.4839102287909373,0.6452372503640756,0.140012008783378,0.5052252415806977
M91_1017,Divergent,3.379690913126517,0.6925089496557247,0.2615197357763506,0.45223244698672593,0.1174854157643702,0.3347470312223557,2.0712462938818006,0.5304724390521098,0.0798481382142912,37.62334423851552,13.671817015313271,0.1600993371851723,0.0581779447460139,7.518811647961765,14.69704612717899,19.0,0.2287621991877599,0.3406558768260958,-0.11189367763833594,0.3351043712616718,0.19585158135386,0.1392527899078118,0.6451579669167364,0.4209894724726429,0.22416849444409354,0.5526875589286193,0.2697586741984727,0.2829288847301466
M91_1017,Convergent,3.526492425875759,0.6264555383647555,0.26099924783217165,0.4497951738195595,0.11056543477781276,0.33922973904174675,1.4739519455646861,0.5152291048222359,0.0782765778203532,46.053228002809625,17.04536447673614,0.1959711829906792,0.0725334658584516,11.230109402479671,18.64845844782865,21.0,0.2443339481637718,0.3760623143601776,-0.13172836619640582,0.3219668558740086,0.2223972866862018,0.0995695691878068,0.6563659805809069,0.3345294286999029,0.321836551881004,0.5617765386728647,0.205935655514395,0.35584088315846973
M91_1017,Random,3.5982967839892095,0.6917420911225849,0.254066900370462,0.4562937069068519,0.09461611921516437,0.3616775876916875,2.2128005756130116,0.5651761456214605,0.0745105515888704,39.0424420239666,12.538238960638171,0.1661380511658153,0.0533542083431411,9.65786985623496,17.24990542717008,20.0,0.2050824536640274,0.3922955688912801,-0.1872131152272527,0.3410740429985868,0.2020050575355584,0.1390689854630284,0.5940184108333377,0.4177163568189279,0.17630205401440985,0.5105240752102472,0.2744035051481899,0.23612057006205733
