mouse_id,Condition,Decile_Index,Mean_Correlation
M21_1107,Divergent,1,0.08260654723865016
M21_1107,Divergent,2,0.13238170139405564
M21_1107,Divergent,3,0.15953211031562628
M21_1107,Divergent,4,0.1817817842555745
M21_1107,Divergent,5,0.2013889761766211
M21_1107,Divergent,6,0.22103615491063824
M21_1107,Divergent,7,0.24240407972928954
M21_1107,Divergent,8,0.26894466355748986
M21_1107,Divergent,9,0.30436489999644045
M21_1107,Divergent,10,0.42253478502188785
M21_1107,Convergent,1,0.07336023555367881
M21_1107,Convergent,2,0.11908502196421077
M21_1107,Convergent,3,0.14541284709221977
M21_1107,Convergent,4,0.16661427013787805
M21_1107,Convergent,5,0.186700254013941
M21_1107,Convergent,6,0.20593975557844746
M21_1107,Convergent,7,0.22665181079477037
M21_1107,Convergent,8,0.25203694189758086
M21_1107,Convergent,9,0.2855163436702512
M21_1107,Convergent,10,0.40299276679051843
M21_1107,Random,1,0.06616639389239337
M21_1107,Random,2,0.13290071951322097
M21_1107,Random,3,0.17284935270783494
M21_1107,Random,4,0.20437166801449985
M21_1107,Random,5,0.23376047117074503
M21_1107,Random,6,0.2595927631944562
M21_1107,Random,7,0.28430444495549706
M21_1107,Random,8,0.3103176027182189
M21_1107,Random,9,0.34384899738105057
M21_1107,Random,10,0.4500374118768423
M71_1024,Divergent,1,0.04549640432727778
M71_1024,Divergent,2,0.08785100077959926
M71_1024,Divergent,3,0.11379603735467712
M71_1024,Divergent,4,0.1363548480653104
M71_1024,Divergent,5,0.15781629538200417
M71_1024,Divergent,6,0.17857383131313403
M71_1024,Divergent,7,0.1994110575521852
M71_1024,Divergent,8,0.22378623600590156
M71_1024,Divergent,9,0.25755699434730345
M71_1024,Divergent,10,0.37783917296650604
M71_1024,Convergent,1,0.044535613812218676
M71_1024,Convergent,2,0.08850996304625602
M71_1024,Convergent,3,0.1144390188068679
M71_1024,Convergent,4,0.13667161586791038
M71_1024,Convergent,5,0.15721936128549274
M71_1024,Convergent,6,0.1775880254353875
M71_1024,Convergent,7,0.19919612559453803
M71_1024,Convergent,8,0.22360032365842636
M71_1024,Convergent,9,0.2555926249538055
M71_1024,Convergent,10,0.38064000564595263
M71_1024,Random,1,0.032600220454872667
M71_1024,Random,2,0.0720061900769677
M71_1024,Random,3,0.09531787181080752
M71_1024,Random,4,0.11490622716535943
M71_1024,Random,5,0.13436493510768163
M71_1024,Random,6,0.1534957020070233
M71_1024,Random,7,0.17436993004954718
M71_1024,Random,8,0.1996903237583861
M71_1024,Random,9,0.23523297002935076
M71_1024,Random,10,0.3543040314803662
M73_1128,Divergent,1,0.04410459464371005
M73_1128,Divergent,2,0.08555260018788938
M73_1128,Divergent,3,0.11138239590959009
M73_1128,Divergent,4,0.1335707733154253
M73_1128,Divergent,5,0.15402901858893842
M73_1128,Divergent,6,0.17449165339246744
M73_1128,Divergent,7,0.19630968426544526
M73_1128,Divergent,8,0.22077326703899308
M73_1128,Divergent,9,0.2521882203528416
M73_1128,Divergent,10,0.3429309062491119
M73_1128,Convergent,1,0.05351691911071059
M73_1128,Convergent,2,0.099274953273273
M73_1128,Convergent,3,0.12672305386913654
M73_1128,Convergent,4,0.149686523106368
M73_1128,Convergent,5,0.17072506649137717
M73_1128,Convergent,6,0.19161218381629305
M73_1128,Convergent,7,0.21341670138010344
M73_1128,Convergent,8,0.23788196572450962
M73_1128,Convergent,9,0.26980895171222347
M73_1128,Convergent,10,0.36051678666321335
M73_1128,Random,1,0.01294302360801249
M73_1128,Random,2,0.05040694916834329
M73_1128,Random,3,0.0767717881780774
M73_1128,Random,4,0.10123530602305593
M73_1128,Random,5,0.12567548740956047
M73_1128,Random,6,0.15092096216560721
M73_1128,Random,7,0.17783439328794265
M73_1128,Random,8,0.20936152696882002
M73_1128,Random,9,0.2502884484758723
M73_1128,Random,10,0.35214355961689076
M77_1031,Divergent,1,0.060581458575321205
M77_1031,Divergent,2,0.10313679418520266
M77_1031,Divergent,3,0.12971296188507983
M77_1031,Divergent,4,0.1520626992411055
M77_1031,Divergent,5,0.17250309903385422
M77_1031,Divergent,6,0.1925153395804026
M77_1031,Divergent,7,0.21368462390129053
M77_1031,Divergent,8,0.23785929171372097
M77_1031,Divergent,9,0.2689825417806607
M77_1031,Divergent,10,0.352668643281887
M77_1031,Convergent,1,0.05832672307463429
M77_1031,Convergent,2,0.10238105752583124
M77_1031,Convergent,3,0.12918663976614517
M77_1031,Convergent,4,0.1517805527353563
M77_1031,Convergent,5,0.17261194987148307
M77_1031,Convergent,6,0.19302610573167162
M77_1031,Convergent,7,0.21424065673475312
M77_1031,Convergent,8,0.2388097544442252
M77_1031,Convergent,9,0.2715133154603241
M77_1031,Convergent,10,0.3577016284940721
M77_1031,Random,1,0.033477012969522
M77_1031,Random,2,0.07491093624908952
M77_1031,Random,3,0.10225867121958503
M77_1031,Random,4,0.12577990836580424
M77_1031,Random,5,0.14819460024780326
M77_1031,Random,6,0.1710949883073008
M77_1031,Random,7,0.19532514798408862
M77_1031,Random,8,0.22333341485382752
M77_1031,Random,9,0.25944185583942947
M77_1031,Random,10,0.34866347992615826
M77_1107,Divergent,1,0.059119972869999905
M77_1107,Divergent,2,0.10023588512641272
M77_1107,Divergent,3,0.12624650632797288
M77_1107,Divergent,4,0.14924582979677797
M77_1107,Divergent,5,0.1699368048306346
M77_1107,Divergent,6,0.19174878700573622
M77_1107,Divergent,7,0.21490835491762694
M77_1107,Divergent,8,0.2423548046197046
M77_1107,Divergent,9,0.2776149930288399
M77_1107,Divergent,10,0.40155469944863753
M77_1107,Convergent,1,0.07434790085144635
M77_1107,Convergent,2,0.11998095320893375
M77_1107,Convergent,3,0.14650184565299582
M77_1107,Convergent,4,0.1692467638831013
M77_1107,Convergent,5,0.19021406306171826
M77_1107,Convergent,6,0.21068256164021165
M77_1107,Convergent,7,0.23124169939515488
M77_1107,Convergent,8,0.25434856350075685
M77_1107,Convergent,9,0.2836963714203486
M77_1107,Convergent,10,0.4002164832206066
M77_1107,Random,1,0.03648407166034013
M77_1107,Random,2,0.086535536641416
M77_1107,Random,3,0.11787344779660607
M77_1107,Random,4,0.14351095516117915
M77_1107,Random,5,0.1670145379386544
M77_1107,Random,6,0.1900027601736397
M77_1107,Random,7,0.2146607900423833
M77_1107,Random,8,0.24132531477454783
M77_1107,Random,9,0.27688567171387507
M77_1107,Random,10,0.39842008505067383
M78_1017,Divergent,1,0.0632244803414611
M78_1017,Divergent,2,0.10423760254775939
M78_1017,Divergent,3,0.12869577169633847
M78_1017,Divergent,4,0.14902746231040118
M78_1017,Divergent,5,0.1682389932479949
M78_1017,Divergent,6,0.18754579583750872
M78_1017,Divergent,7,0.20868998433881866
M78_1017,Divergent,8,0.2337478012829011
M78_1017,Divergent,9,0.26791319339160186
M78_1017,Divergent,10,0.3565265633724112
M78_1017,Convergent,1,0.05414161326001762
M78_1017,Convergent,2,0.10014098858467337
M78_1017,Convergent,3,0.12786842308985447
M78_1017,Convergent,4,0.1505919949349245
M78_1017,Convergent,5,0.17137981218346646
M78_1017,Convergent,6,0.1919449254415197
M78_1017,Convergent,7,0.2139313759729923
M78_1017,Convergent,8,0.23961565525262682
M78_1017,Convergent,9,0.2728464452579384
M78_1017,Convergent,10,0.356956425139626
M78_1017,Random,1,0.06333526825173731
M78_1017,Random,2,0.10780416163945988
M78_1017,Random,3,0.13458121412091056
M78_1017,Random,4,0.157134541490356
M78_1017,Random,5,0.1780362547257617
M78_1017,Random,6,0.1989140475856867
M78_1017,Random,7,0.22153657713618885
M78_1017,Random,8,0.24746228960291589
M78_1017,Random,9,0.28152713244990163
M78_1017,Random,10,0.36438828295997927
M79_1128,Divergent,1,0.11004534201401996
M79_1128,Divergent,2,0.15641499906219697
M79_1128,Divergent,3,0.1824430077120523
M79_1128,Divergent,4,0.20354935930962223
M79_1128,Divergent,5,0.22292796490512312
M79_1128,Divergent,6,0.24228478188906644
M79_1128,Divergent,7,0.2632051860004668
M79_1128,Divergent,8,0.2868892529558481
M79_1128,Divergent,9,0.3184368947816371
M79_1128,Divergent,10,0.4088454474847075
M79_1128,Convergent,1,0.11297030090775195
M79_1128,Convergent,2,0.1573306350775792
M79_1128,Convergent,3,0.18285707511028435
M79_1128,Convergent,4,0.20444575320965117
M79_1128,Convergent,5,0.22451682007797807
M79_1128,Convergent,6,0.24482224494074262
M79_1128,Convergent,7,0.2666046371234895
M79_1128,Convergent,8,0.2907718885435076
M79_1128,Convergent,9,0.323517802839891
M79_1128,Convergent,10,0.4128069914889452
M79_1128,Random,1,0.09743022712143405
M79_1128,Random,2,0.14512399652650174
M79_1128,Random,3,0.17120380634050586
M79_1128,Random,4,0.19237059870521864
M79_1128,Random,5,0.2119573480002565
M79_1128,Random,6,0.23170658917620574
M79_1128,Random,7,0.25263571571519167
M79_1128,Random,8,0.2773684592377905
M79_1128,Random,9,0.3106670447382115
M79_1128,Random,10,0.4040420911219902
M91_1017,Divergent,1,0.1174854157643702
M91_1017,Divergent,2,0.16665164238418304
M91_1017,Divergent,3,0.19513253395843483
M91_1017,Divergent,4,0.21868610578137243
M91_1017,Divergent,5,0.24204022532778907
M91_1017,Divergent,6,0.2641884540810629
M91_1017,Divergent,7,0.2885597957185614
M91_1017,Divergent,8,0.31699609893596076
M91_1017,Divergent,9,0.35335836118069014
M91_1017,Divergent,10,0.45223244698672593
M91_1017,Convergent,1,0.11056543477781276
M91_1017,Convergent,2,0.1632804170975285
M91_1017,Convergent,3,0.1948107735618288
M91_1017,Convergent,4,0.21968788345264198
M91_1017,Convergent,5,0.24329130974735994
M91_1017,Convergent,6,0.2669847504392124
M91_1017,Convergent,7,0.2910525453847491
M91_1017,Convergent,8,0.3177396500151299
M91_1017,Convergent,9,0.3529203568394709
M91_1017,Convergent,10,0.4497951738195595
M91_1017,Random,1,0.09461611921516437
M91_1017,Random,2,0.14774303593987972
M91_1017,Random,3,0.18098315138218524
M91_1017,Random,4,0.20909069065981722
M91_1017,Random,5,0.2349593870628306
M91_1017,Random,6,0.26017309865815946
M91_1017,Random,7,0.2865682452222242
M91_1017,Random,8,0.3158149356183487
M91_1017,Random,9,0.35457321074654025
M91_1017,Random,10,0.4562937069068519
