level_type,level,observed_count,expected_count,observed_prop,expected_prop,enrichment_ratio,log2_enrichment,p_over,p_under,p_two_sided,n_important_edges,n_total_edges,p_fdr_bh,mouse_id
decile,D1,28,181.55001377790023,0.015426997245179,0.100027555800496,0.1542274738352483,-2.696868307262831,1.0,3.621089609800288e-52,7.242179219600576e-52,1815,18145,3.621089609800288e-51,M21_1107
decile,D2,54,181.4499862220997,0.0297520661157024,0.0999724441995039,0.2976026679515002,-1.7485406348474106,1.0,3.1302109850896856e-33,6.260421970179371e-33,1815,18145,2.086807323393124e-32,M21_1107
decile,D3,89,181.55001377790023,0.0490358126721763,0.100027555800496,0.4902230418334677,-1.0284897984181338,1.0,7.818343848366696e-17,1.563668769673339e-16,1815,18145,3.127337539346678e-16,M21_1107
decile,D4,121,181.4499862220997,0.0666666666666666,0.0999724441995039,0.6668504226320654,-0.584564899763135,0.9999999360002078,1.0525287474509525e-07,2.105057494901905e-07,1815,18145,3.508429158169842e-07,M21_1107
decile,D5,134,181.55001377790023,0.0738292011019283,0.100027555800496,0.738088624782974,-0.4381340389366391,0.9999802499745274,2.8975919252773232e-05,5.795183850554647e-05,1815,18145,7.243979813193308e-05,M21_1107
decile,D6,174,181.4499862220997,0.0958677685950413,0.0999724441995039,0.9589419300659454,-0.0604846411955925,0.7423851735567106,0.2852464447691795,0.5704928895383591,1815,18145,0.5704928895383591,M21_1107
decile,D7,216,181.55001377790023,0.1190082644628099,0.100027555800496,1.1897547981576295,0.2506642727616386,0.0030308538788679,0.9976228049849972,0.0060617077577359,1815,18145,0.0067352308419287,M21_1107
decile,D8,233,181.4499862220997,0.1283746556473829,0.0999724441995039,1.2841004006055476,0.3607580076061486,2.249868585092577e-05,0.9999839110256687,4.499737170185154e-05,1815,18145,6.428195957407363e-05,M21_1107
decile,D9,299,181.55001377790023,0.1647382920110192,0.100027555800496,1.6469290955978295,0.7197784447929099,1.0309620135652648e-19,1.0,2.0619240271305292e-19,1815,18145,5.154810067826323e-19,M21_1107
decile,D10,467,181.4499862220997,0.2573002754820936,0.0999724441995039,2.573711961728715,1.363850602655899,3.4156115757518555e-94,1.0,6.831223151503711e-94,1815,18145,6.831223151503711e-93,M21_1107
regime,WeakTail_D1D2,82,363.0,0.0451790633608815,0.2,0.2258953168032782,-2.146273733352948,1.0,1.4012914218077114e-88,2.802582843615423e-88,1815,18145,,M21_1107
regime,StrongTail_D9D10,766,363.0,0.4220385674931129,0.2,2.110192837455014,1.0773748439254112,1.6081698804616127e-116,1.0,3.2163397609232254e-116,1815,18145,,M21_1107
decile,D1,28,254.3500098328417,0.011010617381046,0.1000196656833825,0.1100845249352323,-3.18331641757378,1.0,3.120893327742347e-83,6.241786655484694e-83,2543,25425,3.120893327742347e-82,M71_1024
decile,D2,42,254.2499901671583,0.016515926071569,0.0999803343166175,0.1651917467999379,-2.5977864852111585,1.0,5.6612805461116386e-70,1.132256109222328e-69,2543,25425,3.7741870307410926e-69,M71_1024
decile,D3,65,254.3500098328417,0.0255603617774282,0.1000196656833825,0.2555533614567893,-1.968303526677515,1.0,1.2293960575765834e-52,2.4587921151531667e-52,2543,25425,4.9175842303063335e-52,M71_1024
decile,D4,73,254.2499901671583,0.028706252457727,0.0999803343166175,0.2871189884856063,-1.800279349146996,1.0,1.6820168021798406e-47,3.3640336043596807e-47,2543,25425,5.6067226739328015e-47,M71_1024
decile,D5,110,254.3500098328417,0.0432559968541093,0.1000196656833825,0.4324749193884128,-1.2093116262044,1.0,1.1658936124555612e-28,2.331787224911123e-28,2543,25425,3.331124607015889e-28,M71_1024
decile,D6,142,254.2499901671583,0.0558395595753047,0.0999803343166175,0.558505429656933,-0.8403567885467518,1.0,3.453318920521872e-17,6.906637841043743e-17,2543,25425,8.633297301304678e-17,M71_1024
decile,D7,184,254.3500098328417,0.0723554856468737,0.1000196656833825,0.7234125924315269,-0.4671093836854598,0.9999998597354228,2.0946237367349694e-07,4.189247473469939e-07,2543,25425,4.654719414966599e-07,M71_1024
decile,D8,325,254.2499901671583,0.1278018088871411,0.0999803343166175,1.278269469285234,0.3541919998498353,1.0514891308963036e-06,0.999999240167938,2.102978261792607e-06,2543,25425,2.102978261792607e-06,M71_1024
decile,D9,508,254.3500098328417,0.1997640581989775,0.1000196656833825,1.9972478095392157,0.998013347016976,5.412370387826589e-58,1.0,1.0824740775653176e-57,2543,25425,2.7061851939132944e-57,M71_1024
decile,D10,1066,254.2499901671583,0.419189933149823,0.0999803343166175,4.192723859255567,2.0678878146853474,0.0,1.0,0.0,2543,25425,0.0,M71_1024
regime,WeakTail_D1D2,70,508.6,0.027526543452615,0.2,0.1376327172623869,-2.86110463481258,1.0,1.5765702594887398e-162,3.1531405189774797e-162,2543,25425,,M71_1024
regime,StrongTail_D9D10,1574,508.6,0.6189539913488006,0.2,3.0947699567285287,1.6298321736998596,0.0,1.0,0.0,2543,25425,,M71_1024
decile,D1,417,1313.3200003045808,0.0317520749257595,0.1000015229044834,0.3175159137903335,-1.655099193756984,1.0,3.137257090478104e-214,6.274514180956208e-214,13133,131328,3.137257090478104e-213,M73_1128
decile,D2,518,1313.3200003045808,0.0394426254473463,0.1000015229044834,0.3944202478258818,-1.342194479523953,1.0,2.0137140070204168e-162,4.0274280140408335e-162,13133,131328,1.3424760046802778e-161,M73_1128
decile,D3,660,1313.3200003045808,0.05025508261631,0.1000015229044834,0.5025431729055638,-0.9926805529725607,1.0,4.899201947781537e-105,9.798403895563076e-105,13133,131328,1.9596807791126153e-104,M73_1128
decile,D4,770,1313.3200003045808,0.0586309297190284,0.1000015229044834,0.5863003683898245,-0.770288131640214,1.0,6.5138606152439435e-71,1.3027721230487887e-70,13133,131328,2.1712868717479816e-70,M73_1128
decile,D5,997,1313.2199987816764,0.0759156323764562,0.0999939083820662,0.7592025714769679,-0.3974432159830101,1.0,6.1285406989283435e-24,1.2257081397856688e-23,13133,131328,1.5321351747320858e-23,M73_1128
decile,D6,1123,1313.3200003045808,0.0855097845122972,0.1000015229044834,0.8550848229893153,-0.2258605548296111,0.9999999987919664,1.4685519792828859e-09,2.9371039585657718e-09,13133,131328,3.263448842850857e-09,M73_1128
decile,D7,1323,1313.3200003045808,0.1007385974263306,0.1000015229044834,1.0073706329606984,0.0105945790459139,0.3880266231296252,0.6236443284517097,0.7760532462592505,13133,131328,0.7760532462592505,M73_1128
decile,D8,1671,1313.3200003045808,0.1272367318967486,0.1000015229044834,1.2723479423109043,0.3474932508254426,1.432547710002982e-26,1.0,2.865095420005964e-26,13133,131328,4.092993457151377e-26,M73_1128
decile,D9,2082,1313.3200003045808,0.1585319424350872,0.1000015229044834,1.585295281802097,0.6647515860614335,1.453791336614466e-108,1.0,2.907582673228932e-108,13133,131328,7.26895668307233e-108,M73_1128
decile,D10,3572,1313.2199987816764,0.2719865986446356,0.0999939083820662,2.7200316803567994,1.4436234547263167,0.0,1.0,0.0,13133,131328,0.0,M73_1128
regime,WeakTail_D1D2,935,2626.6400006091617,0.0711947003731059,0.2000030458089668,0.3559680808098875,-1.4901802124446075,1.0,0.0,0.0,13133,131328,,M73_1128
regime,StrongTail_D9D10,5654,2626.539999086257,0.4305185410797228,0.1999954312865497,2.1526418794073914,1.1061083279724346,0.0,1.0,0.0,13133,131328,,M73_1128
decile,D1,577,2524.150000990472,0.0228596331365635,0.1000019809433252,0.228591803089284,-2.1291544229186736,1.0,0.0,0.0,25241,252405,0.0,M77_1031
decile,D2,815,2524.049999009528,0.0322887365793748,0.0999980190566747,0.3228937621329478,-1.6308685245219083,1.0,0.0,0.0,25241,252405,0.0,M77_1031
decile,D3,1100,2524.150000990472,0.0435798898617329,0.1000019809433252,0.4357902658547876,-1.198294123182141,1.0,2.8635568355215245e-264,5.727113671043049e-264,25241,252405,1.1454227342086098e-263,M77_1031
decile,D4,1439,2524.049999009528,0.0570104195554851,0.0999980190566747,0.5701154892138797,-0.8106738969194253,1.0,7.7806859762629005e-146,1.5561371952525803e-145,25241,252405,2.593561992087634e-145,M77_1031
decile,D5,1952,2524.150000990472,0.0773344954637296,0.1000019809433252,0.7733296354077686,-0.3708445940457257,1.0,2.754454925163769e-39,5.508909850327538e-39,25241,252405,6.886137312909423e-39,M77_1031
decile,D6,2346,2524.049999009528,0.0929440196505685,0.0999980190566747,0.9294586085446572,-0.1055374756409982,0.9999661783392372,3.7181099668760585e-05,7.436219933752117e-05,25241,252405,7.436219933752117e-05,M77_1031
decile,D7,2884,2524.150000990472,0.1142585476011251,0.1000019809433252,1.1425628424774614,0.1922735176261817,2.8733764946075027e-15,0.9999999999999986,5.746752989215005e-15,25241,252405,6.385281099127784e-15,M77_1031
decile,D8,3378,2524.049999009528,0.1338298799572124,0.0999980190566747,1.3383253110246598,0.4204288391271368,7.109920399997848e-74,1.0,1.4219840799995696e-73,25241,252405,2.0314058285708136e-73,M77_1031
decile,D9,4328,2524.150000990472,0.1714670575650727,0.1000019809433252,1.71463660965411,0.7779028522079617,4.922986900859565e-300,1.0,9.84597380171913e-300,25241,252405,2.4614934504297825e-299,M77_1031
decile,D10,6422,2524.049999009528,0.2544273206291351,0.0999980190566747,2.54432360787459,1.347282176046411,0.0,1.0,0.0,25241,252405,0.0,M77_1031
regime,WeakTail_D1D2,1392,5048.2,0.0551483697159383,0.2,0.275741848578313,-1.858609857057113,1.0,0.0,0.0,25241,252405,,M77_1031
regime,StrongTail_D9D10,10750,5048.2,0.4258943781942078,0.2,2.129471890960392,1.0904956864355708,0.0,1.0,0.0,25241,252405,,M77_1031
decile,D1,15,148.8200026885334,0.0100806451612903,0.1000134426670251,0.1007929023576463,-3.3105340441400317,1.0,8.680560988139997e-51,1.7361121976279997e-50,1488,14878,8.680560988139998e-50,M77_1107
decile,D2,40,148.8200026885334,0.0268817204301075,0.1000134426670251,0.2687810729537236,-1.895496544950635,1.0,3.4175865492483046e-30,6.835173098496609e-30,1488,14878,2.2783910328322028e-29,M77_1107
decile,D3,54,148.8200026885334,0.0362903225806451,0.1000134426670251,0.362854448487527,-1.4625371376884424,1.0,3.136173023371418e-22,6.272346046742836e-22,1488,14878,1.568086511685709e-21,M77_1107
decile,D4,86,148.8200026885334,0.0577956989247311,0.1000134426670251,0.5778793068505059,-0.7911598851646056,0.9999999996391932,6.983857408651796e-10,1.3967714817303592e-09,1488,14878,1.99538783104337e-09,M77_1107
decile,D5,95,148.71998924586637,0.0638440860215053,0.0999462293318994,0.6387843388153686,-0.6465991524825172,0.9999999082826998,1.587666631228989e-07,3.175333262457978e-07,1488,14878,3.969166578072473e-07,M77_1107
decile,D6,124,148.8200026885334,0.0833333333333333,0.1000134426670251,0.8332213261565433,-0.2632283294874777,0.9906649486670536,0.0120203857408546,0.0240407714817092,1488,14878,0.0267119683130102,M77_1107
decile,D7,146,148.8200026885334,0.0981182795698924,0.1000134426670251,0.9810509162810914,-0.0276000809969444,0.6154343150354047,0.4199640848880784,0.8399281697761568,1488,14878,0.8399281697761568,M77_1107
decile,D8,227,148.8200026885334,0.1525537634408602,0.1000134426670251,1.525332589012382,0.6091238474087066,1.1424391676555052e-11,0.9999999999934828,2.2848783353110103e-11,1488,14878,3.8081305588516837e-11,M77_1107
decile,D9,244,148.8200026885334,0.1639784946236559,0.1000134426670251,1.6395645450177143,0.7133126976800191,3.7030554826729484e-16,1.0,7.4061109653459e-16,1488,14878,1.4812221930691797e-15,M77_1107
decile,D10,457,148.71998924586637,0.3071236559139785,0.0999462293318994,3.07288887198551,1.6195955942267048,2.3960956623861398e-126,1.0,4.7921913247722796e-126,1488,14878,4.792191324772279e-125,M77_1107
regime,WeakTail_D1D2,55,297.6400053770668,0.0369623655913978,0.2000268853340502,0.1847869876566088,-2.436064926320762,1.0,7.123654491246348e-83,1.4247308982492696e-82,1488,14878,,M77_1107
regime,StrongTail_D9D10,701,297.5399919343998,0.4711021505376344,0.1999596719989246,2.355985813668529,1.2363308521545937,7.297633754638317e-139,1.0,1.4595267509276635e-138,1488,14878,,M77_1107
decile,D1,583,2631.8500009499385,0.0221521392203054,0.100001899876508,0.2215171836479064,-2.1745094781997167,1.0,0.0,0.0,26318,263175,0.0,M78_1017
decile,D2,964,2631.749999050062,0.0366289231704536,0.0999981001234919,0.366296190876154,-1.4489173963476567,1.0,0.0,0.0,26318,263175,0.0,M78_1017
decile,D3,1275,2631.8500009499385,0.0484459305418344,0.100001899876508,0.4844501014598296,-1.04558001968934,1.0,2.1956941191312315e-225,4.391388238262463e-225,26318,263175,1.0978470595656158e-224,M78_1017
decile,D4,1629,2631.749999050062,0.0618968006687438,0.0999981001234919,0.6189797665324223,-0.6920358440681792,1.0,1.12000388294898e-117,2.24000776589796e-117,26318,263175,3.7333462764966e-117,M78_1017
decile,D5,2035,2631.8500009499385,0.0773235048255946,0.100001899876508,0.7732203580162771,-0.3710484722930722,1.0,6.42996823076834e-41,1.285993646153668e-40,26318,263175,1.8371337802195256e-40,M78_1017
decile,D6,2385,2631.749999050062,0.0906223877194315,0.0999981001234919,0.9062410946469164,-0.1420331817082111,0.9999999705284588,3.336719487834835e-08,6.67343897566967e-08,26318,263175,7.414932195188523e-08,M78_1017
decile,D7,2781,2631.8500009499385,0.1056691237936013,0.100001899876508,1.0566711624782636,0.0795264778950003,0.0006908378249607,0.9993585969056268,0.0013816756499215,26318,263175,0.0013816756499215,M78_1017
decile,D8,3218,2631.749999050062,0.1222737290067634,0.0999981001234919,1.2227605209952943,0.2901418781182404,2.4327747379757277e-35,1.0,4.865549475951455e-35,26318,263175,6.08193684493932e-35,M78_1017
decile,D9,4064,2631.8500009499385,0.1544190288015806,0.100001899876508,1.5441609508492138,0.6268231353161691,7.705649688548229e-188,1.0,1.5411299377096458e-187,26318,263175,3.082259875419292e-187,M78_1017
decile,D10,7384,2631.749999050062,0.2805684322516908,0.0999981001234919,2.8057376280389232,1.4883801050339114,0.0,1.0,0.0,26318,263175,0.0,M78_1017
regime,WeakTail_D1D2,1547,5263.6,0.0587810623907591,0.2,0.2939053119523263,-1.7665766608207525,1.0,0.0,0.0,26318,263175,,M78_1017
regime,StrongTail_D9D10,11448,5263.6,0.4349874610532715,0.2,2.1749373052554826,1.120973814435653,0.0,1.0,0.0,26318,263175,,M78_1017
decile,D1,262,664.3,0.0394400120427517,0.1,0.3944001204235736,-1.3422681026317484,1.0,3.843778090273377e-83,7.687556180546754e-83,6643,66430,3.8437780902733767e-82,M79_1128
decile,D2,464,664.3,0.0698479602589191,0.1,0.6984796025822068,-0.5177101090575511,1.0,1.0783084352902194e-19,2.1566168705804391e-19,6643,66430,7.188722901934798e-19,M79_1128
decile,D3,514,664.3,0.0773746801144061,0.1,0.7737468011363239,-0.3700665549932545,0.9999999999904728,1.3059762880138946e-11,2.611952576027789e-11,6643,66430,5.223905152055578e-11,M79_1128
decile,D4,568,664.3,0.085503537558332,0.1,0.8550353755747704,-0.2259439846842232,0.9999895014860783,1.282048973369971e-05,2.564097946739942e-05,6643,66430,3.662997066771346e-05,M79_1128
decile,D5,603,664.3,0.0907722414571729,0.1,0.9077224145626523,-0.1396769122897996,0.9964651662470356,0.0040327045611307,0.0080654091222615,6643,66430,0.0089615656914017,M79_1128
decile,D6,648,664.3,0.0975462893271112,0.1,0.9754628932613576,-0.0358411013063635,0.7648694957981327,0.2486756443747249,0.4973512887494498,6643,66430,0.4973512887494498,M79_1128
decile,D7,745,664.3,0.1121481258467559,0.1,1.121481258456345,0.1654055111566099,0.0003251846746128,0.9997212823635916,0.0006503693492257,6643,66430,0.0008129616865321,M79_1128
decile,D8,772,664.3,0.1162125545687189,0.1,1.162125545675568,0.2167659330747164,2.8923900784181148e-06,0.9999976251858196,5.7847801568362296e-06,6643,66430,9.641300261393716e-06,M79_1128
decile,D9,864,664.3,0.130061719102815,0.1,1.3006171910151436,0.3791963979687829,5.575277557136151e-17,1.0,1.1150555114272303e-16,6643,66430,2.7876387785680757e-16,M79_1128
decile,D10,1203,664.3,0.1810928797230167,0.1,1.8109287972120576,0.8567298229782649,1.5665294498921562e-101,1.0,3.1330588997843125e-101,6643,66430,3.1330588997843127e-100,M79_1128
regime,WeakTail_D1D2,726,1328.6,0.1092879723016709,0.2,0.5464398615056224,-0.8718653661896132,1.0,7.389896847044362e-96,1.4779793694088725e-95,6643,66430,,M79_1128
regime,StrongTail_D9D10,2067,1328.6,0.3111545988258317,0.2,1.5557729941213794,0.6376315692315192,2.1633575775841333e-114,1.0,4.326715155168267e-114,6643,66430,,M79_1128
decile,D1,115,275.0500090925623,0.0418181818181818,0.1000181851245681,0.4181057851197866,-1.2580600894859144,1.0,1.5088328533881928e-32,3.0176657067763856e-32,2750,27495,1.508832853388193e-31,M91_1017
decile,D2,169,274.9499909074377,0.0614545454545454,0.0999818148754319,0.6146572307223817,-0.7021459923727029,0.9999999999999816,3.347148054437332e-14,6.694296108874664e-14,2750,27495,2.231432036291555e-13,M91_1017
decile,D3,207,275.0500090925623,0.0752727272727272,0.1000181851245681,0.7525904132156159,-0.4100631829462972,0.999999009650293,1.4125907708938269e-06,2.8251815417876537e-06,2750,27495,7.062953854469134e-06,M91_1017
decile,D4,243,274.9499909074377,0.0883636363636363,0.0999818148754319,0.88379708322804,-0.178212925056255,0.9861942833986278,0.0164403998651528,0.0328807997303057,2750,27495,0.0469725710432939,M91_1017
decile,D5,227,275.0500090925623,0.0825454545454545,0.1000181851245681,0.8253044628016658,-0.2770016531563961,0.9995618501842992,0.0005629664610756,0.0011259329221512,2750,27495,0.0018765548702521,M91_1017
decile,D6,274,274.9499909074377,0.0996363636363636,0.0999818148754319,0.9965448592777076,-0.0049933457033565,0.5358837245056616,0.4908229050502791,0.9816458101005582,2750,27495,0.9816458101005582,M91_1017
decile,D7,274,275.0500090925623,0.0996363636363636,0.1000181851245681,0.9961824793288828,-0.0055180574897823,0.5385434340597057,0.4881507311724613,0.9763014623449228,2750,27495,0.9816458101005582,M91_1017
decile,D8,299,274.9499909074377,0.1087272727272727,0.0999818148754319,1.0874704851242136,0.1209762455330111,0.0584511635746388,0.9488131516100986,0.1169023271492776,2750,27495,0.146127908936597,M91_1017
decile,D9,336,275.0500090925623,0.1221818181818181,0.1000181851245681,1.2215960330456377,0.2887672823257793,3.909157638960947e-05,0.99997008569264,7.818315277921894e-05,2750,27495,0.0001563663055584,M91_1017
decile,D10,606,274.9499909074377,0.2203636363636363,0.0999818148754319,2.2040371705193094,1.1401485548011348,1.138008809975852e-87,1.0,2.276017619951704e-87,2750,27495,2.276017619951704e-86,M91_1017
regime,WeakTail_D1D2,284,550.0,0.1032727272727272,0.2,0.5163636363610544,-0.9535406889005836,1.0,1.276781546595313e-46,2.553563093190626e-46,2750,27495,,M91_1017
regime,StrongTail_D9D10,942,550.0,0.3425454545454545,0.2,1.7127272727187088,0.7762954411977593,6.856059963397134e-77,1.0,1.3712119926794269e-76,2750,27495,,M91_1017
