layer_pair,layer_a,layer_b,n_edges,importance_sum,importance_mean,corr_mean,layer_source,mouse_id
DepthMid--DepthLow,DepthMid,DepthLow,4032,0.225064599788719,5.581959320156723e-05,0.1741406530937586,depth_tertile_from_neuron_pos_spi_axis0,M21_1107
DepthHigh--DepthLow,DepthHigh,DepthLow,4096,0.2220485886573691,5.4211081215178015e-05,0.1591533230852764,depth_tertile_from_neuron_pos_spi_axis0,M21_1107
DepthMid--DepthHigh,DepthMid,DepthHigh,4032,0.2067478717905064,5.127675391629624e-05,0.1543223261759108,depth_tertile_from_neuron_pos_spi_axis0,M21_1107
DepthLow--DepthLow,DepthLow,DepthLow,2016,0.122723052364779,6.087452994284673e-05,0.2222749403680504,depth_tertile_from_neuron_pos_spi_axis0,M21_1107
DepthHigh--DepthHigh,DepthHigh,DepthHigh,2016,0.1122785007441445,5.56937007659447e-05,0.1735960481242595,depth_tertile_from_neuron_pos_spi_axis0,M21_1107
DepthMid--DepthMid,DepthMid,DepthMid,1953,0.1111373866544574,5.6905983950055e-05,0.1893676649541681,depth_tertile_from_neuron_pos_spi_axis0,M21_1107
DepthHigh--DepthMid,DepthHigh,DepthMid,5621,0.2318121517342216,4.124037568657207e-05,0.0883907897502741,depth_tertile_from_neuron_pos_spi_axis0,M71_1024
DepthLow--DepthMid,DepthLow,DepthMid,5852,0.2177505207267498,3.72095900079887e-05,0.0841070869174546,depth_tertile_from_neuron_pos_spi_axis0,M71_1024
DepthLow--DepthHigh,DepthLow,DepthHigh,5548,0.1956055971426578,3.52569569471265e-05,0.0533564251068958,depth_tertile_from_neuron_pos_spi_axis0,M71_1024
DepthMid--DepthMid,DepthMid,DepthMid,2926,0.1248472527895004,4.2668234036056206e-05,0.132110540751116,depth_tertile_from_neuron_pos_spi_axis0,M71_1024
DepthLow--DepthLow,DepthLow,DepthLow,2850,0.116088372206262,4.07327621776358e-05,0.1376472959005915,depth_tertile_from_neuron_pos_spi_axis0,M71_1024
DepthHigh--DepthHigh,DepthHigh,DepthHigh,2628,0.113896105400595,4.3339461720165525e-05,0.1001235623234823,depth_tertile_from_neuron_pos_spi_axis0,M71_1024
DepthMid--DepthLow,DepthMid,DepthLow,29237,0.2208964300731487,7.555372646754068e-06,0.1004797831958481,depth_tertile_from_neuron_pos_spi_axis0,M73_1128
DepthLow--DepthHigh,DepthLow,DepthHigh,29583,0.2205459638798039,7.455158837163368e-06,0.0907149348836534,depth_tertile_from_neuron_pos_spi_axis0,M73_1128
DepthMid--DepthHigh,DepthMid,DepthHigh,28899,0.2140401246994765,7.406488968458303e-06,0.1065413587721484,depth_tertile_from_neuron_pos_spi_axis0,M73_1128
DepthLow--DepthLow,DepthLow,DepthLow,14878,0.1197356399832361,8.047831696682091e-06,0.1118087620177693,depth_tertile_from_neuron_pos_spi_axis0,M73_1128
DepthMid--DepthMid,DepthMid,DepthMid,14196,0.1145041790847446,8.065946681089368e-06,0.1318119617877661,depth_tertile_from_neuron_pos_spi_axis0,M73_1128
DepthHigh--DepthHigh,DepthHigh,DepthHigh,14535,0.1102776622795839,7.587042468495624e-06,0.1193169148825273,depth_tertile_from_neuron_pos_spi_axis0,M73_1128
DepthLow--DepthMid,DepthLow,DepthMid,56169,0.2222565621298075,3.956925744268325e-06,0.1189299789853678,depth_tertile_from_neuron_pos_spi_axis0,M77_1031
DepthHigh--DepthMid,DepthHigh,DepthMid,56169,0.2176953543779709,3.87572067115261e-06,0.1143980284945796,depth_tertile_from_neuron_pos_spi_axis0,M77_1031
DepthLow--DepthHigh,DepthLow,DepthHigh,56169,0.2163074598064114,3.851011408542282e-06,0.0986334317554742,depth_tertile_from_neuron_pos_spi_axis0,M77_1031
DepthLow--DepthLow,DepthLow,DepthLow,27966,0.1189400938692345,4.253024882687355e-06,0.1221915726397767,depth_tertile_from_neuron_pos_spi_axis0,M77_1031
DepthMid--DepthMid,DepthMid,DepthMid,27966,0.1126651049814362,4.028645676229574e-06,0.1450216127073097,depth_tertile_from_neuron_pos_spi_axis0,M77_1031
DepthHigh--DepthHigh,DepthHigh,DepthHigh,27966,0.1121354248351354,4.009705529397679e-06,0.1173652420072076,depth_tertile_from_neuron_pos_spi_axis0,M77_1031
DepthMid--DepthLow,DepthMid,DepthLow,3306,0.2187323048447933,6.616222167114136e-05,0.1205995157132815,depth_tertile_from_neuron_pos_spi_axis0,M77_1107
DepthLow--DepthHigh,DepthLow,DepthHigh,3364,0.2184802195072666,6.49465575229687e-05,0.1053665009318712,depth_tertile_from_neuron_pos_spi_axis0,M77_1107
DepthMid--DepthHigh,DepthMid,DepthHigh,3306,0.2171778830564897,6.569203964201143e-05,0.1336615546797369,depth_tertile_from_neuron_pos_spi_axis0,M77_1107
DepthHigh--DepthHigh,DepthHigh,DepthHigh,1653,0.1163561155894701,7.039087452478533e-05,0.1643934817987506,depth_tertile_from_neuron_pos_spi_axis0,M77_1107
DepthMid--DepthMid,DepthMid,DepthMid,1596,0.115940614439066,7.264449526257272e-05,0.1828252647165795,depth_tertile_from_neuron_pos_spi_axis0,M77_1107
DepthLow--DepthLow,DepthLow,DepthLow,1653,0.1133128625628995,6.854982611185695e-05,0.1380297236854994,depth_tertile_from_neuron_pos_spi_axis0,M77_1107
DepthMid--DepthLow,DepthMid,DepthLow,58564,0.2270757435857467,3.877394706402341e-06,0.1183694924432658,depth_tertile_from_neuron_pos_spi_axis0,M78_1017
DepthHigh--DepthMid,DepthHigh,DepthMid,58564,0.2155211200000253,3.680095621884184e-06,0.1265223358045365,depth_tertile_from_neuron_pos_spi_axis0,M78_1017
DepthHigh--DepthLow,DepthHigh,DepthLow,58564,0.2144505054356631,3.661814518059955e-06,0.1115320328676715,depth_tertile_from_neuron_pos_spi_axis0,M78_1017
DepthLow--DepthLow,DepthLow,DepthLow,29161,0.1197932377265615,4.107994846766624e-06,0.1288375101155322,depth_tertile_from_neuron_pos_spi_axis0,M78_1017
DepthMid--DepthMid,DepthMid,DepthMid,29161,0.115141884356943,3.948488884364153e-06,0.1421226984418994,depth_tertile_from_neuron_pos_spi_axis0,M78_1017
DepthHigh--DepthHigh,DepthHigh,DepthHigh,29161,0.1080175088950565,3.704177116527437e-06,0.14903698206652,depth_tertile_from_neuron_pos_spi_axis0,M78_1017
DepthMid--DepthLow,DepthMid,DepthLow,14880,0.2227388019487952,1.4969005507311506e-05,0.1620132703994103,depth_tertile_from_neuron_pos_spi_axis0,M79_1128
DepthHigh--DepthLow,DepthHigh,DepthLow,15004,0.2215274339536143,1.4764558381339262e-05,0.1428640833924625,depth_tertile_from_neuron_pos_spi_axis0,M79_1128
DepthHigh--DepthMid,DepthHigh,DepthMid,14520,0.2151390831852799,1.4816741266203857e-05,0.1728396981419549,depth_tertile_from_neuron_pos_spi_axis0,M79_1128
DepthLow--DepthLow,DepthLow,DepthLow,7626,0.1189369103803872,1.559623792032353e-05,0.1710287281424861,depth_tertile_from_neuron_pos_spi_axis0,M79_1128
DepthHigh--DepthHigh,DepthHigh,DepthHigh,7260,0.1115764769863095,1.5368660741915916e-05,0.1856883742556063,depth_tertile_from_neuron_pos_spi_axis0,M79_1128
DepthMid--DepthMid,DepthMid,DepthMid,7140,0.1100812935455631,1.5417548115625094e-05,0.2131211617722989,depth_tertile_from_neuron_pos_spi_axis0,M79_1128
DepthLow--DepthHigh,DepthLow,DepthHigh,6162,0.2223377583192436,3.6082076974885366e-05,0.1886316609579812,depth_tertile_from_neuron_pos_spi_axis0,M91_1017
DepthLow--DepthMid,DepthLow,DepthMid,6162,0.2182387950701726,3.54168768370939e-05,0.201299911709027,depth_tertile_from_neuron_pos_spi_axis0,M91_1017
DepthMid--DepthHigh,DepthMid,DepthHigh,6084,0.2115936176800252,3.4778701130839115e-05,0.202378897722051,depth_tertile_from_neuron_pos_spi_axis0,M91_1017
DepthLow--DepthLow,DepthLow,DepthLow,3081,0.1202818297527895,3.9039866846085537e-05,0.2163327975480879,depth_tertile_from_neuron_pos_spi_axis0,M91_1017
DepthMid--DepthMid,DepthMid,DepthMid,3003,0.1142958184224164,3.806054559521028e-05,0.2369824371381178,depth_tertile_from_neuron_pos_spi_axis0,M91_1017
DepthHigh--DepthHigh,DepthHigh,DepthHigh,3003,0.1132521807553332,3.771301390453987e-05,0.2300881183460029,depth_tertile_from_neuron_pos_spi_axis0,M91_1017
