ablation_type,drop_fraction,n_edges_dropped,repeat_idx,base_accuracy_mean,base_accuracy_std,accuracy_mean,accuracy_std,delta_vs_base,mouse_id
top,0.01,182,-1,0.7904761904761904,0.0719031850978166,0.7714285714285715,0.0755928946018454,0.0190476190476189,M21_1107
random,0.01,182,0,0.7904761904761904,0.0719031850978166,0.8190476190476191,0.0329914439536928,-0.0285714285714286,M21_1107
random,0.01,182,1,0.7904761904761904,0.0719031850978166,0.7238095238095239,0.0719031850978167,0.0666666666666665,M21_1107
random,0.01,182,2,0.7904761904761904,0.0719031850978166,0.7619047619047619,0.0329914439536929,0.0285714285714285,M21_1107
random,0.01,182,3,0.7904761904761904,0.0719031850978166,0.8000000000000002,0.0571428571428571,-0.0095238095238097,M21_1107
random,0.01,182,4,0.7904761904761904,0.0719031850978166,0.7333333333333334,0.059476171413318,0.057142857142857,M21_1107
random,0.01,182,5,0.7904761904761904,0.0719031850978166,0.780952380952381,0.0329914439536929,0.0095238095238094,M21_1107
random,0.01,182,6,0.7904761904761904,0.0719031850978166,0.7238095238095238,0.059476171413318,0.0666666666666666,M21_1107
random,0.01,182,7,0.7904761904761904,0.0719031850978166,0.7523809523809524,0.1350233036072173,0.038095238095238,M21_1107
top,0.03,545,-1,0.7904761904761904,0.0719031850978166,0.7714285714285715,0.0755928946018454,0.0190476190476189,M21_1107
random,0.03,545,0,0.7904761904761904,0.0719031850978166,0.8285714285714286,0.0285714285714285,-0.0380952380952381,M21_1107
random,0.03,545,1,0.7904761904761904,0.0719031850978166,0.7142857142857144,0.0755928946018454,0.076190476190476,M21_1107
random,0.03,545,2,0.7904761904761904,0.0719031850978166,0.7523809523809524,0.0329914439536929,0.038095238095238,M21_1107
random,0.03,545,3,0.7904761904761904,0.0719031850978166,0.7904761904761907,0.0164957219768464,-2.220446049250313e-16,M21_1107
random,0.03,545,4,0.7904761904761904,0.0719031850978166,0.7428571428571429,0.0494871659305393,0.0476190476190475,M21_1107
random,0.03,545,5,0.7904761904761904,0.0719031850978166,0.8095238095238096,0.0436435780471984,-0.0190476190476192,M21_1107
random,0.03,545,6,0.7904761904761904,0.0719031850978166,0.7142857142857143,0.0755928946018454,0.0761904761904761,M21_1107
random,0.03,545,7,0.7904761904761904,0.0719031850978166,0.7619047619047619,0.1189523428266361,0.0285714285714285,M21_1107
top,0.05,908,-1,0.7904761904761904,0.0719031850978166,0.780952380952381,0.0659828879073857,0.0095238095238094,M21_1107
random,0.05,908,0,0.7904761904761904,0.0719031850978166,0.7999999999999999,0.0285714285714285,-0.0095238095238094,M21_1107
random,0.05,908,1,0.7904761904761904,0.0719031850978166,0.7142857142857143,0.0571428571428571,0.0761904761904761,M21_1107
random,0.05,908,2,0.7904761904761904,0.0719031850978166,0.7619047619047619,0.0164957219768464,0.0285714285714285,M21_1107
random,0.05,908,3,0.7904761904761904,0.0719031850978166,0.8095238095238096,0.0329914439536929,-0.0190476190476192,M21_1107
random,0.05,908,4,0.7904761904761904,0.0719031850978166,0.7428571428571429,0.0494871659305393,0.0476190476190475,M21_1107
random,0.05,908,5,0.7904761904761904,0.0719031850978166,0.780952380952381,0.0329914439536929,0.0095238095238094,M21_1107
random,0.05,908,6,0.7904761904761904,0.0719031850978166,0.7333333333333334,0.0918442929618377,0.057142857142857,M21_1107
random,0.05,908,7,0.7904761904761904,0.0719031850978166,0.7619047619047619,0.0659828879073858,0.0285714285714285,M21_1107
top,0.01,255,-1,0.8666666666666667,0.0222222222222222,0.8814814814814814,0.033945005147821,-0.0148148148148147,M71_1024
random,0.01,255,0,0.8666666666666667,0.0222222222222222,0.8962962962962963,0.0128300059819917,-0.0296296296296295,M71_1024
random,0.01,255,1,0.8666666666666667,0.0222222222222222,0.8888888888888888,0.0801233616769775,-0.0222222222222221,M71_1024
random,0.01,255,2,0.8666666666666667,0.0222222222222222,0.8888888888888888,0.0222222222222222,-0.0222222222222221,M71_1024
random,0.01,255,3,0.8666666666666667,0.0222222222222222,0.8814814814814814,0.0714344500814292,-0.0148148148148147,M71_1024
random,0.01,255,4,0.8666666666666667,0.0222222222222222,0.8962962962962964,0.0462592444325807,-0.0296296296296296,M71_1024
random,0.01,255,5,0.8666666666666667,0.0222222222222222,0.8962962962962964,0.0256600119639833,-0.0296296296296296,M71_1024
random,0.01,255,6,0.8666666666666667,0.0222222222222222,0.9037037037037038,0.0462592444325807,-0.037037037037037,M71_1024
random,0.01,255,7,0.8666666666666667,0.0222222222222222,0.8740740740740741,0.0462592444325807,-0.0074074074074074,M71_1024
top,0.03,763,-1,0.8666666666666667,0.0222222222222222,0.9111111111111112,0.0384900179459751,-0.0444444444444444,M71_1024
random,0.03,763,0,0.8666666666666667,0.0222222222222222,0.9037037037037036,0.0128300059819917,-0.0370370370370368,M71_1024
random,0.03,763,1,0.8666666666666667,0.0222222222222222,0.9037037037037038,0.0559246995205241,-0.037037037037037,M71_1024
random,0.03,763,2,0.8666666666666667,0.0222222222222222,0.8962962962962963,0.0128300059819917,-0.0296296296296295,M71_1024
random,0.03,763,3,0.8666666666666667,0.0222222222222222,0.8666666666666667,0.058794473579213,0.0,M71_1024
random,0.03,763,4,0.8666666666666667,0.0222222222222222,0.888888888888889,0.0587944735792131,-0.0222222222222222,M71_1024
random,0.03,763,5,0.8666666666666667,0.0222222222222222,0.8962962962962964,0.033945005147821,-0.0296296296296296,M71_1024
random,0.03,763,6,0.8666666666666667,0.0222222222222222,0.9037037037037038,0.0462592444325807,-0.037037037037037,M71_1024
random,0.03,763,7,0.8666666666666667,0.0222222222222222,0.8666666666666667,0.0222222222222222,0.0,M71_1024
top,0.05,1272,-1,0.8666666666666667,0.0222222222222222,0.888888888888889,0.0587944735792131,-0.0222222222222222,M71_1024
random,0.05,1272,0,0.8666666666666667,0.0222222222222222,0.9037037037037038,0.0128300059819917,-0.037037037037037,M71_1024
random,0.05,1272,1,0.8666666666666667,0.0222222222222222,0.8962962962962963,0.0898100418739417,-0.0296296296296295,M71_1024
random,0.05,1272,2,0.8666666666666667,0.0222222222222222,0.8888888888888888,0.0222222222222222,-0.0222222222222221,M71_1024
random,0.05,1272,3,0.8666666666666667,0.0222222222222222,0.8962962962962964,0.0559246995205241,-0.0296296296296296,M71_1024
random,0.05,1272,4,0.8666666666666667,0.0222222222222222,0.8962962962962964,0.0678900102956421,-0.0296296296296296,M71_1024
random,0.05,1272,5,0.8666666666666667,0.0222222222222222,0.9111111111111112,0.0222222222222222,-0.0444444444444444,M71_1024
random,0.05,1272,6,0.8666666666666667,0.0222222222222222,0.8666666666666666,0.0587944735792131,1.1102230246251563e-16,M71_1024
random,0.05,1272,7,0.8666666666666667,0.0222222222222222,0.8592592592592593,0.0256600119639833,0.0074074074074074,M71_1024
top,0.01,1314,-1,0.9333333333333332,0.0436435780471984,0.8952380952380953,0.059476171413318,0.0380952380952379,M73_1128
random,0.01,1314,0,0.9333333333333332,0.0436435780471984,0.9333333333333332,0.0164957219768464,0.0,M73_1128
random,0.01,1314,1,0.9333333333333332,0.0436435780471984,0.9333333333333332,0.059476171413318,0.0,M73_1128
random,0.01,1314,2,0.9333333333333332,0.0436435780471984,0.8857142857142857,0.0285714285714285,0.0476190476190475,M73_1128
random,0.01,1314,3,0.9333333333333332,0.0436435780471984,0.9333333333333332,0.059476171413318,0.0,M73_1128
random,0.01,1314,4,0.9333333333333332,0.0436435780471984,0.942857142857143,0.0494871659305393,-0.0095238095238097,M73_1128
random,0.01,1314,5,0.9333333333333332,0.0436435780471984,0.8952380952380953,0.0719031850978166,0.0380952380952379,M73_1128
random,0.01,1314,6,0.9333333333333332,0.0436435780471984,0.9047619047619048,0.0329914439536929,0.0285714285714284,M73_1128
random,0.01,1314,7,0.9333333333333332,0.0436435780471984,0.8952380952380953,0.1003395595509784,0.0380952380952379,M73_1128
top,0.03,3940,-1,0.9333333333333332,0.0436435780471984,0.8857142857142857,0.0494871659305393,0.0476190476190475,M73_1128
random,0.03,3940,0,0.9333333333333332,0.0436435780471984,0.942857142857143,0.0285714285714285,-0.0095238095238097,M73_1128
random,0.03,3940,1,0.9333333333333332,0.0436435780471984,0.9333333333333332,0.059476171413318,0.0,M73_1128
random,0.03,3940,2,0.9333333333333332,0.0436435780471984,0.8952380952380952,0.0436435780471984,0.038095238095238,M73_1128
random,0.03,3940,3,0.9333333333333332,0.0436435780471984,0.9333333333333332,0.059476171413318,0.0,M73_1128
random,0.03,3940,4,0.9333333333333332,0.0436435780471984,0.9523809523809524,0.0329914439536929,-0.0190476190476192,M73_1128
random,0.03,3940,5,0.9333333333333332,0.0436435780471984,0.9047619047619048,0.059476171413318,0.0285714285714284,M73_1128
random,0.03,3940,6,0.9333333333333332,0.0436435780471984,0.9238095238095236,0.0329914439536929,0.0095238095238094,M73_1128
random,0.03,3940,7,0.9333333333333332,0.0436435780471984,0.9047619047619048,0.1003395595509784,0.0285714285714284,M73_1128
top,0.05,6567,-1,0.9333333333333332,0.0436435780471984,0.8666666666666666,0.059476171413318,0.0666666666666666,M73_1128
random,0.05,6567,0,0.9333333333333332,0.0436435780471984,0.9142857142857144,0.0,0.0190476190476189,M73_1128
random,0.05,6567,1,0.9333333333333332,0.0436435780471984,0.9333333333333332,0.059476171413318,0.0,M73_1128
random,0.05,6567,2,0.9333333333333332,0.0436435780471984,0.9047619047619048,0.0436435780471984,0.0285714285714284,M73_1128
random,0.05,6567,3,0.9333333333333332,0.0436435780471984,0.9333333333333332,0.059476171413318,0.0,M73_1128
random,0.05,6567,4,0.9333333333333332,0.0436435780471984,0.9523809523809524,0.0329914439536929,-0.0190476190476192,M73_1128
random,0.05,6567,5,0.9333333333333332,0.0436435780471984,0.9238095238095236,0.0436435780471984,0.0095238095238094,M73_1128
random,0.05,6567,6,0.9333333333333332,0.0436435780471984,0.9333333333333332,0.0436435780471984,0.0,M73_1128
random,0.05,6567,7,0.9333333333333332,0.0436435780471984,0.8952380952380953,0.0918442929618376,0.0380952380952379,M73_1128
top,0.01,2525,-1,0.9612403100775192,0.0484108371968868,0.9612403100775192,0.0484108371968868,0.0,M77_1031
random,0.01,2525,0,0.9612403100775192,0.0484108371968868,0.937984496124031,0.0134267504462703,0.0232558139534883,M77_1031
random,0.01,2525,1,0.9612403100775192,0.0484108371968868,0.945736434108527,0.0268535008925407,0.0155038759689922,M77_1031
random,0.01,2525,2,0.9612403100775192,0.0484108371968868,0.9457364341085271,0.0134267504462703,0.0155038759689921,M77_1031
random,0.01,2525,3,0.9612403100775192,0.0484108371968868,0.9534883720930232,0.0232558139534883,0.0077519379844961,M77_1031
random,0.01,2525,4,0.9612403100775192,0.0484108371968868,0.9534883720930232,0.0402802513388111,0.0077519379844961,M77_1031
random,0.01,2525,5,0.9612403100775192,0.0484108371968868,0.9689922480620154,0.0355238425965569,-0.0077519379844961,M77_1031
random,0.01,2525,6,0.9612403100775192,0.0484108371968868,0.937984496124031,0.0268535008925407,0.0232558139534883,M77_1031
random,0.01,2525,7,0.9612403100775192,0.0484108371968868,0.9612403100775192,0.0355238425965569,0.0,M77_1031
top,0.03,7573,-1,0.9612403100775192,0.0484108371968868,0.9612403100775192,0.0268535008925407,0.0,M77_1031
random,0.03,7573,0,0.9612403100775192,0.0484108371968868,0.945736434108527,0.0268535008925407,0.0155038759689922,M77_1031
random,0.03,7573,1,0.9612403100775192,0.0484108371968868,0.9379844961240308,0.0355238425965569,0.0232558139534884,M77_1031
random,0.03,7573,2,0.9612403100775192,0.0484108371968868,0.9534883720930232,0.0232558139534883,0.0077519379844961,M77_1031
random,0.03,7573,3,0.9612403100775192,0.0484108371968868,0.9534883720930232,0.0232558139534883,0.0077519379844961,M77_1031
random,0.03,7573,4,0.9612403100775192,0.0484108371968868,0.945736434108527,0.0355238425965569,0.0155038759689922,M77_1031
random,0.03,7573,5,0.9612403100775192,0.0484108371968868,0.9534883720930232,0.0465116279069767,0.0077519379844961,M77_1031
random,0.03,7573,6,0.9612403100775192,0.0484108371968868,0.937984496124031,0.0134267504462703,0.0232558139534883,M77_1031
random,0.03,7573,7,0.9612403100775192,0.0484108371968868,0.9534883720930232,0.0402802513388111,0.0077519379844961,M77_1031
top,0.05,12621,-1,0.9612403100775192,0.0484108371968868,0.9379844961240308,0.0355238425965569,0.0232558139534884,M77_1031
random,0.05,12621,0,0.9612403100775192,0.0484108371968868,0.9379844961240308,0.0355238425965569,0.0232558139534884,M77_1031
random,0.05,12621,1,0.9612403100775192,0.0484108371968868,0.9379844961240308,0.0355238425965569,0.0232558139534884,M77_1031
random,0.05,12621,2,0.9612403100775192,0.0484108371968868,0.9612403100775192,0.0268535008925407,0.0,M77_1031
random,0.05,12621,3,0.9612403100775192,0.0484108371968868,0.9534883720930232,0.0232558139534883,0.0077519379844961,M77_1031
random,0.05,12621,4,0.9612403100775192,0.0484108371968868,0.945736434108527,0.0355238425965569,0.0155038759689922,M77_1031
random,0.05,12621,5,0.9612403100775192,0.0484108371968868,0.9767441860465116,0.0232558139534883,-0.0155038759689922,M77_1031
random,0.05,12621,6,0.9612403100775192,0.0484108371968868,0.9534883720930232,0.0,0.007751937984496,M77_1031
random,0.05,12621,7,0.9612403100775192,0.0484108371968868,0.9534883720930232,0.0402802513388111,0.0077519379844961,M77_1031
top,0.01,149,-1,0.7818181818181819,0.1012320793241822,0.7515151515151516,0.0688352526763669,0.0303030303030302,M77_1107
random,0.01,149,0,0.7818181818181819,0.1012320793241822,0.7393939393939394,0.0104972776216295,0.0424242424242424,M77_1107
random,0.01,149,1,0.7818181818181819,0.1012320793241822,0.7636363636363637,0.0181818181818181,0.0181818181818181,M77_1107
random,0.01,149,2,0.7818181818181819,0.1012320793241822,0.7333333333333334,0.0457565723349742,0.0484848484848484,M77_1107
random,0.01,149,3,0.7818181818181819,0.1012320793241822,0.7515151515151516,0.1168927364968843,0.0303030303030302,M77_1107
random,0.01,149,4,0.7818181818181819,0.1012320793241822,0.787878787878788,0.0209945552432591,-0.0060606060606061,M77_1107
random,0.01,149,5,0.7818181818181819,0.1012320793241822,0.7515151515151515,0.0584463682484421,0.0303030303030303,M77_1107
random,0.01,149,6,0.7818181818181819,0.1012320793241822,0.7272727272727272,0.0629836657297773,0.0545454545454546,M77_1107
random,0.01,149,7,0.7818181818181819,0.1012320793241822,0.7090909090909091,0.0792527080643759,0.0727272727272727,M77_1107
top,0.03,447,-1,0.7818181818181819,0.1012320793241822,0.7636363636363637,0.0909090909090908,0.0181818181818181,M77_1107
random,0.03,447,0,0.7818181818181819,0.1012320793241822,0.7636363636363637,0.0655554777357089,0.0181818181818181,M77_1107
random,0.03,447,1,0.7818181818181819,0.1012320793241822,0.793939393939394,0.0277731860300354,-0.012121212121212,M77_1107
random,0.03,447,2,0.7818181818181819,0.1012320793241822,0.7636363636363637,0.0833195580901061,0.0181818181818181,M77_1107
random,0.03,447,3,0.7818181818181819,0.1012320793241822,0.7393939393939394,0.1210605112450799,0.0424242424242424,M77_1107
random,0.03,447,4,0.7818181818181819,0.1012320793241822,0.7818181818181819,0.0181818181818181,0.0,M77_1107
random,0.03,447,5,0.7818181818181819,0.1012320793241822,0.7636363636363637,0.094475498594666,0.0181818181818181,M77_1107
random,0.03,447,6,0.7818181818181819,0.1012320793241822,0.7333333333333334,0.0209945552432591,0.0484848484848484,M77_1107
random,0.03,447,7,0.7818181818181819,0.1012320793241822,0.6848484848484849,0.1065357323105875,0.0969696969696969,M77_1107
top,0.05,744,-1,0.7818181818181819,0.1012320793241822,0.7454545454545455,0.0545454545454545,0.0363636363636363,M77_1107
random,0.05,744,0,0.7818181818181819,0.1012320793241822,0.7636363636363637,0.0481045692920834,0.0181818181818181,M77_1107
random,0.05,744,1,0.7818181818181819,0.1012320793241822,0.7757575757575758,0.0277731860300354,0.0060606060606061,M77_1107
random,0.05,744,2,0.7818181818181819,0.1012320793241822,0.7818181818181819,0.0481045692920834,0.0,M77_1107
random,0.05,744,3,0.7818181818181819,0.1012320793241822,0.7212121212121212,0.1210605112450799,0.0606060606060606,M77_1107
random,0.05,744,4,0.7818181818181819,0.1012320793241822,0.7757575757575758,0.0104972776216295,0.0060606060606061,M77_1107
random,0.05,744,5,0.7818181818181819,0.1012320793241822,0.7636363636363637,0.0629836657297773,0.0181818181818181,M77_1107
random,0.05,744,6,0.7818181818181819,0.1012320793241822,0.7272727272727272,0.0363636363636363,0.0545454545454546,M77_1107
random,0.05,744,7,0.7818181818181819,0.1012320793241822,0.7212121212121212,0.0734809433514069,0.0606060606060606,M77_1107
top,0.01,2632,-1,0.9047619047619048,0.0629940788348711,0.9047619047619048,0.0412393049421161,0.0,M78_1017
random,0.01,2632,0,0.9047619047619048,0.0629940788348711,0.873015873015873,0.049563476177765,0.0317460317460317,M78_1017
random,0.01,2632,1,0.9047619047619048,0.0629940788348711,0.8571428571428572,0.0476190476190476,0.0476190476190475,M78_1017
random,0.01,2632,2,0.9047619047619048,0.0629940788348711,0.8968253968253967,0.0137464349807053,0.007936507936508,M78_1017
random,0.01,2632,3,0.9047619047619048,0.0629940788348711,0.873015873015873,0.049563476177765,0.0317460317460317,M78_1017
random,0.01,2632,4,0.9047619047619048,0.0629940788348711,0.8333333333333334,0.0952380952380952,0.0714285714285714,M78_1017
random,0.01,2632,5,0.9047619047619048,0.0629940788348711,0.8333333333333334,0.0858464589396187,0.0714285714285714,M78_1017
random,0.01,2632,6,0.9047619047619048,0.0629940788348711,0.865079365079365,0.049563476177765,0.0396825396825397,M78_1017
random,0.01,2632,7,0.9047619047619048,0.0629940788348711,0.8492063492063492,0.0549857399228214,0.0555555555555555,M78_1017
top,0.03,7896,-1,0.9047619047619048,0.0629940788348711,0.8888888888888888,0.0363696483726654,0.0158730158730159,M78_1017
random,0.03,7896,0,0.9047619047619048,0.0629940788348711,0.8809523809523809,0.0412393049421161,0.0238095238095238,M78_1017
random,0.03,7896,1,0.9047619047619048,0.0629940788348711,0.8571428571428572,0.0714285714285714,0.0476190476190475,M78_1017
random,0.03,7896,2,0.9047619047619048,0.0629940788348711,0.8968253968253967,0.0137464349807053,0.007936507936508,M78_1017
random,0.03,7896,3,0.9047619047619048,0.0629940788348711,0.888888888888889,0.0363696483726654,0.0158730158730158,M78_1017
random,0.03,7896,4,0.9047619047619048,0.0629940788348711,0.8253968253968255,0.0836162996258153,0.0793650793650793,M78_1017
random,0.03,7896,5,0.9047619047619048,0.0629940788348711,0.8492063492063492,0.0765369108015314,0.0555555555555555,M78_1017
random,0.03,7896,6,0.9047619047619048,0.0629940788348711,0.865079365079365,0.049563476177765,0.0396825396825397,M78_1017
random,0.03,7896,7,0.9047619047619048,0.0629940788348711,0.880952380952381,0.0824786098842322,0.0238095238095237,M78_1017
top,0.05,13159,-1,0.9047619047619048,0.0629940788348711,0.8809523809523809,0.0238095238095238,0.0238095238095238,M78_1017
random,0.05,13159,0,0.9047619047619048,0.0629940788348711,0.8730158730158729,0.0727392967453307,0.0317460317460318,M78_1017
random,0.05,13159,1,0.9047619047619048,0.0629940788348711,0.8571428571428572,0.0476190476190476,0.0476190476190475,M78_1017
random,0.05,13159,2,0.9047619047619048,0.0629940788348711,0.8968253968253967,0.0137464349807053,0.007936507936508,M78_1017
random,0.05,13159,3,0.9047619047619048,0.0629940788348711,0.865079365079365,0.0599193209148472,0.0396825396825397,M78_1017
random,0.05,13159,4,0.9047619047619048,0.0629940788348711,0.8333333333333334,0.0952380952380952,0.0714285714285714,M78_1017
random,0.05,13159,5,0.9047619047619048,0.0629940788348711,0.8333333333333334,0.0858464589396187,0.0714285714285714,M78_1017
random,0.05,13159,6,0.9047619047619048,0.0629940788348711,0.865079365079365,0.049563476177765,0.0396825396825397,M78_1017
random,0.05,13159,7,0.9047619047619048,0.0629940788348711,0.8492063492063492,0.0765369108015314,0.0555555555555555,M78_1017
top,0.01,665,-1,0.4727272727272726,0.0314918328648886,0.4484848484848485,0.037848472717566,0.0242424242424241,M79_1128
random,0.01,665,0,0.4727272727272726,0.0314918328648886,0.4666666666666666,0.0839782209730364,0.006060606060606,M79_1128
random,0.01,665,1,0.4727272727272726,0.0314918328648886,0.509090909090909,0.0363636363636363,-0.0363636363636363,M79_1128
random,0.01,665,2,0.4727272727272726,0.0314918328648886,0.4424242424242424,0.037848472717566,0.0303030303030302,M79_1128
random,0.01,665,3,0.4727272727272726,0.0314918328648886,0.5333333333333333,0.0104972776216295,-0.0606060606060606,M79_1128
random,0.01,665,4,0.4727272727272726,0.0314918328648886,0.5272727272727272,0.0181818181818181,-0.0545454545454545,M79_1128
random,0.01,665,5,0.4727272727272726,0.0314918328648886,0.5393939393939394,0.0756969454351321,-0.0666666666666667,M79_1128
random,0.01,665,6,0.4727272727272726,0.0314918328648886,0.5272727272727272,0.0363636363636363,-0.0545454545454545,M79_1128
random,0.01,665,7,0.4727272727272726,0.0314918328648886,0.5090909090909091,0.0314918328648886,-0.0363636363636364,M79_1128
top,0.03,1993,-1,0.4727272727272726,0.0314918328648886,0.4545454545454545,0.0481045692920834,0.0181818181818181,M79_1128
random,0.03,1993,0,0.4727272727272726,0.0314918328648886,0.4727272727272726,0.0655554777357089,0.0,M79_1128
random,0.03,1993,1,0.4727272727272726,0.0314918328648886,0.5151515151515151,0.037848472717566,-0.0424242424242424,M79_1128
random,0.03,1993,2,0.4727272727272726,0.0314918328648886,0.4363636363636363,0.0833195580901061,0.0363636363636363,M79_1128
random,0.03,1993,3,0.4727272727272726,0.0314918328648886,0.5272727272727272,0.0181818181818181,-0.0545454545454545,M79_1128
random,0.03,1993,4,0.4727272727272726,0.0314918328648886,0.5454545454545454,0.0314918328648886,-0.0727272727272727,M79_1128
random,0.03,1993,5,0.4727272727272726,0.0314918328648886,0.5393939393939394,0.0756969454351321,-0.0666666666666667,M79_1128
random,0.03,1993,6,0.4727272727272726,0.0314918328648886,0.5333333333333333,0.0277731860300354,-0.0606060606060606,M79_1128
random,0.03,1993,7,0.4727272727272726,0.0314918328648886,0.503030303030303,0.0584463682484421,-0.0303030303030303,M79_1128
top,0.05,3322,-1,0.4727272727272726,0.0314918328648886,0.4848484848484848,0.0104972776216295,-0.0121212121212122,M79_1128
random,0.05,3322,0,0.4727272727272726,0.0314918328648886,0.4666666666666666,0.0915131446699484,0.006060606060606,M79_1128
random,0.05,3322,1,0.4727272727272726,0.0314918328648886,0.5212121212121211,0.0419891104865182,-0.0484848484848484,M79_1128
random,0.05,3322,2,0.4727272727272726,0.0314918328648886,0.4545454545454546,0.0833195580901061,0.018181818181818,M79_1128
random,0.05,3322,3,0.4727272727272726,0.0314918328648886,0.5696969696969697,0.0104972776216295,-0.096969696969697,M79_1128
random,0.05,3322,4,0.4727272727272726,0.0314918328648886,0.5393939393939394,0.037848472717566,-0.0666666666666667,M79_1128
random,0.05,3322,5,0.4727272727272726,0.0314918328648886,0.5272727272727272,0.0655554777357088,-0.0545454545454545,M79_1128
random,0.05,3322,6,0.4727272727272726,0.0314918328648886,0.5212121212121211,0.0209945552432591,-0.0484848484848484,M79_1128
random,0.05,3322,7,0.4727272727272726,0.0314918328648886,0.4909090909090909,0.0481045692920834,-0.0181818181818182,M79_1128
top,0.01,275,-1,0.8296296296296296,0.0462592444325807,0.837037037037037,0.033945005147821,-0.0074074074074074,M91_1017
random,0.01,275,0,0.8296296296296296,0.0462592444325807,0.7777777777777778,0.0666666666666666,0.0518518518518518,M91_1017
random,0.01,275,1,0.8296296296296296,0.0462592444325807,0.8000000000000002,0.0222222222222222,0.0296296296296294,M91_1017
random,0.01,275,2,0.8296296296296296,0.0462592444325807,0.7407407407407408,0.0559246995205241,0.0888888888888888,M91_1017
random,0.01,275,3,0.8296296296296296,0.0462592444325807,0.7999999999999999,0.038490017945975,0.0296296296296296,M91_1017
random,0.01,275,4,0.8296296296296296,0.0462592444325807,0.7407407407407408,0.0462592444325807,0.0888888888888888,M91_1017
random,0.01,275,5,0.8296296296296296,0.0462592444325807,0.7777777777777777,0.0801233616769775,0.0518518518518519,M91_1017
random,0.01,275,6,0.8296296296296296,0.0462592444325807,0.7925925925925926,0.0714344500814292,0.0370370370370369,M91_1017
random,0.01,275,7,0.8296296296296296,0.0462592444325807,0.8074074074074074,0.0714344500814292,0.0222222222222222,M91_1017
top,0.03,825,-1,0.8296296296296296,0.0462592444325807,0.8148148148148149,0.0128300059819916,0.0148148148148147,M91_1017
random,0.03,825,0,0.8296296296296296,0.0462592444325807,0.7851851851851852,0.033945005147821,0.0444444444444444,M91_1017
random,0.03,825,1,0.8296296296296296,0.0462592444325807,0.8074074074074075,0.033945005147821,0.0222222222222221,M91_1017
random,0.03,825,2,0.8296296296296296,0.0462592444325807,0.7555555555555555,0.038490017945975,0.074074074074074,M91_1017
random,0.03,825,3,0.8296296296296296,0.0462592444325807,0.8074074074074075,0.0462592444325807,0.0222222222222221,M91_1017
random,0.03,825,4,0.8296296296296296,0.0462592444325807,0.7407407407407408,0.033945005147821,0.0888888888888888,M91_1017
random,0.03,825,5,0.8296296296296296,0.0462592444325807,0.7777777777777778,0.0666666666666666,0.0518518518518518,M91_1017
random,0.03,825,6,0.8296296296296296,0.0462592444325807,0.7703703703703703,0.033945005147821,0.0592592592592593,M91_1017
random,0.03,825,7,0.8296296296296296,0.0462592444325807,0.8148148148148148,0.078041879650761,0.0148148148148148,M91_1017
top,0.05,1375,-1,0.8296296296296296,0.0462592444325807,0.7925925925925926,0.033945005147821,0.0370370370370369,M91_1017
random,0.05,1375,0,0.8296296296296296,0.0462592444325807,0.7777777777777778,0.0666666666666666,0.0518518518518518,M91_1017
random,0.05,1375,1,0.8296296296296296,0.0462592444325807,0.8074074074074075,0.033945005147821,0.0222222222222221,M91_1017
random,0.05,1375,2,0.8296296296296296,0.0462592444325807,0.7481481481481481,0.055924699520524,0.0814814814814814,M91_1017
random,0.05,1375,3,0.8296296296296296,0.0462592444325807,0.7999999999999999,0.0587944735792131,0.0296296296296296,M91_1017
random,0.05,1375,4,0.8296296296296296,0.0462592444325807,0.7481481481481481,0.033945005147821,0.0814814814814814,M91_1017
random,0.05,1375,5,0.8296296296296296,0.0462592444325807,0.7703703703703703,0.078041879650761,0.0592592592592593,M91_1017
random,0.05,1375,6,0.8296296296296296,0.0462592444325807,0.7925925925925926,0.033945005147821,0.0370370370370369,M91_1017
random,0.05,1375,7,0.8296296296296296,0.0462592444325807,0.7851851851851852,0.055924699520524,0.0444444444444444,M91_1017
