Neuron_ID,Class_1,Class_2,Class_3,Membership_Pattern,Membership_Count
0,1,1,1,"1,2,3",3
1,1,1,1,"1,2,3",3
2,0,1,1,"2,3",2
3,1,0,1,"1,3",2
4,1,0,1,"1,3",2
5,0,0,1,3,1
6,1,1,0,"1,2",2
7,1,1,0,"1,2",2
8,1,1,0,"1,2",2
9,1,0,0,1,1
10,0,0,1,3,1
11,1,1,0,"1,2",2
12,0,1,0,2,1
13,0,1,1,"2,3",2
14,0,1,0,2,1
15,0,1,0,2,1
16,0,1,0,2,1
17,0,1,0,2,1
18,0,0,1,3,1
19,1,0,0,1,1
20,0,0,1,3,1
21,1,1,1,"1,2,3",3
22,1,0,1,"1,3",2
23,1,1,1,"1,2,3",3
24,0,0,1,3,1
25,1,1,1,"1,2,3",3
26,1,1,1,"1,2,3",3
27,1,1,1,"1,2,3",3
28,1,1,1,"1,2,3",3
29,1,1,0,"1,2",2
30,1,0,0,1,1
31,1,0,0,1,1
32,1,0,0,1,1
33,1,0,0,1,1
34,1,1,1,"1,2,3",3
35,1,1,0,"1,2",2
36,1,0,0,1,1
37,0,1,0,2,1
38,1,0,0,1,1
39,0,0,1,3,1
40,1,1,1,"1,2,3",3
41,1,0,0,1,1
42,1,0,0,1,1
43,1,0,0,1,1
44,1,0,0,1,1
45,1,0,0,1,1
46,0,1,0,2,1
47,0,0,1,3,1
48,0,0,1,3,1
49,1,0,1,"1,3",2
50,0,0,1,3,1
51,0,0,1,3,1
52,0,0,1,3,1
53,0,0,1,3,1
54,0,0,1,3,1
55,0,0,1,3,1
56,0,0,1,3,1
57,0,0,1,3,1
58,0,1,1,"2,3",2
59,0,1,1,"2,3",2
60,0,1,1,"2,3",2
61,0,0,1,3,1
62,0,1,1,"2,3",2
63,1,1,1,"1,2,3",3
64,1,0,0,1,1
65,1,0,0,1,1
66,1,0,0,1,1
67,1,0,0,1,1
68,1,0,0,1,1
69,0,1,0,2,1
70,1,0,0,1,1
71,1,0,0,1,1
72,1,0,0,1,1
73,0,1,1,"2,3",2
74,1,0,0,1,1
75,1,0,1,"1,3",2
76,1,0,1,"1,3",2
77,1,0,1,"1,3",2
78,1,1,1,"1,2,3",3
79,1,0,1,"1,3",2
80,1,0,1,"1,3",2
81,1,1,1,"1,2,3",3
82,1,1,1,"1,2,3",3
83,1,1,1,"1,2,3",3
84,1,1,1,"1,2,3",3
85,0,1,1,"2,3",2
86,1,0,0,1,1
87,0,1,0,2,1
88,1,0,0,1,1
89,0,0,1,3,1
90,1,1,1,"1,2,3",3
91,1,0,1,"1,3",2
92,1,0,0,1,1
93,1,1,1,"1,2,3",3
94,1,1,1,"1,2,3",3
95,0,0,1,3,1
96,1,0,0,1,1
97,1,0,0,1,1
98,1,1,1,"1,2,3",3
99,1,0,1,"1,3",2
100,0,0,1,3,1
101,0,0,1,3,1
102,0,0,1,3,1
103,1,0,0,1,1
104,1,0,0,1,1
105,0,0,1,3,1
106,1,1,1,"1,2,3",3
107,0,0,1,3,1
108,1,0,1,"1,3",2
109,0,0,1,3,1
110,1,0,0,1,1
111,1,0,1,"1,3",2
112,0,0,1,3,1
113,0,0,1,3,1
114,0,0,1,3,1
115,0,0,1,3,1
116,1,0,1,"1,3",2
117,1,0,0,1,1
118,1,0,0,1,1
119,1,1,1,"1,2,3",3
120,1,0,0,1,1
121,0,0,1,3,1
122,1,1,1,"1,2,3",3
123,1,0,0,1,1
124,0,0,1,3,1
125,0,0,1,3,1
126,1,0,0,1,1
127,1,0,0,1,1
128,1,1,1,"1,2,3",3
129,0,0,1,3,1
130,1,0,0,1,1
131,0,0,1,3,1
132,1,0,0,1,1
133,0,1,0,2,1
134,1,1,1,"1,2,3",3
135,1,1,1,"1,2,3",3
136,1,1,1,"1,2,3",3
137,1,1,1,"1,2,3",3
138,1,0,1,"1,3",2
139,1,1,1,"1,2,3",3
140,1,1,1,"1,2,3",3
141,1,1,1,"1,2,3",3
142,1,1,1,"1,2,3",3
143,0,1,0,2,1
144,1,1,0,"1,2",2
145,1,1,1,"1,2,3",3
146,1,0,0,1,1
147,0,0,1,3,1
148,1,1,0,"1,2",2
149,1,0,1,"1,3",2
150,1,0,0,1,1
151,0,1,0,2,1
152,1,1,1,"1,2,3",3
153,1,1,1,"1,2,3",3
154,1,0,1,"1,3",2
155,1,1,1,"1,2,3",3
156,1,1,1,"1,2,3",3
157,1,1,1,"1,2,3",3
158,0,1,0,2,1
159,1,1,1,"1,2,3",3
160,0,1,1,"2,3",2
161,0,1,1,"2,3",2
162,0,0,1,3,1
163,0,1,0,2,1
164,1,0,0,1,1
165,0,1,0,2,1
166,1,0,0,1,1
167,0,1,0,2,1
168,0,1,0,2,1
169,1,0,0,1,1
170,1,0,0,1,1
171,1,0,0,1,1
172,0,0,1,3,1
173,1,0,0,1,1
174,1,0,0,1,1
175,1,0,0,1,1
176,1,0,1,"1,3",2
177,1,0,0,1,1
178,1,0,0,1,1
179,1,0,0,1,1
180,1,0,0,1,1
181,1,0,0,1,1
182,1,1,0,"1,2",2
183,1,1,0,"1,2",2
184,1,0,0,1,1
185,1,1,0,"1,2",2
186,1,0,0,1,1
187,1,1,1,"1,2,3",3
188,1,0,0,1,1
189,1,0,0,1,1
190,0,1,0,2,1
191,0,1,1,"2,3",2
192,0,1,0,2,1
193,0,0,1,3,1
194,0,0,1,3,1
195,0,1,1,"2,3",2
196,0,1,1,"2,3",2
197,1,0,0,1,1
198,1,0,1,"1,3",2
199,1,1,1,"1,2,3",3
200,0,1,1,"2,3",2
201,0,0,1,3,1
202,0,0,1,3,1
203,1,1,1,"1,2,3",3
204,0,0,1,3,1
205,0,0,1,3,1
206,1,1,1,"1,2,3",3
207,0,0,1,3,1
208,1,0,1,"1,3",2
209,0,0,1,3,1
210,1,1,0,"1,2",2
211,1,1,0,"1,2",2
212,1,1,0,"1,2",2
213,1,0,1,"1,3",2
214,1,1,0,"1,2",2
215,0,1,1,"2,3",2
216,1,1,0,"1,2",2
217,1,1,0,"1,2",2
218,0,1,0,2,1
219,0,0,1,3,1
220,0,0,1,3,1
221,1,0,1,"1,3",2
222,1,1,0,"1,2",2
223,0,0,1,3,1
224,1,0,1,"1,3",2
225,1,0,0,1,1
226,0,0,1,3,1
227,0,0,1,3,1
228,0,1,1,"2,3",2
229,1,1,0,"1,2",2
230,1,1,0,"1,2",2
231,1,1,1,"1,2,3",3
232,0,0,1,3,1
233,0,0,1,3,1
234,1,0,1,"1,3",2
235,0,0,1,3,1
236,1,0,0,1,1
237,1,0,1,"1,3",2
238,1,0,0,1,1
239,1,0,0,1,1
240,1,0,0,1,1
241,1,0,1,"1,3",2
242,1,0,1,"1,3",2
243,1,0,0,1,1
244,1,0,0,1,1
245,1,0,1,"1,3",2
246,0,1,0,2,1
247,0,1,0,2,1
248,1,0,0,1,1
249,0,0,1,3,1
250,0,0,1,3,1
251,0,0,1,3,1
252,0,0,1,3,1
253,0,0,1,3,1
254,0,0,1,3,1
255,1,0,0,1,1
256,1,0,0,1,1
257,1,0,1,"1,3",2
258,1,0,1,"1,3",2
259,0,0,1,3,1
260,1,0,1,"1,3",2
261,1,0,0,1,1
262,1,0,0,1,1
263,1,0,0,1,1
264,0,1,0,2,1
265,0,1,0,2,1
266,0,1,0,2,1
267,0,0,1,3,1
268,1,0,0,1,1
269,1,0,0,1,1
270,0,1,0,2,1
271,1,0,1,"1,3",2
272,1,0,0,1,1
273,1,1,1,"1,2,3",3
274,1,1,1,"1,2,3",3
275,1,1,1,"1,2,3",3
276,0,0,1,3,1
277,1,1,0,"1,2",2
278,0,0,1,3,1
279,1,1,0,"1,2",2
280,1,1,0,"1,2",2
281,1,0,1,"1,3",2
282,0,0,1,3,1
283,1,0,1,"1,3",2
284,1,0,1,"1,3",2
285,1,0,1,"1,3",2
286,1,1,0,"1,2",2
287,1,0,1,"1,3",2
288,1,1,0,"1,2",2
289,1,0,1,"1,3",2
290,1,0,1,"1,3",2
291,1,1,1,"1,2,3",3
292,1,1,0,"1,2",2
293,0,1,0,2,1
294,0,0,1,3,1
295,0,0,1,3,1
296,0,1,0,2,1
297,0,0,1,3,1
298,0,0,1,3,1
299,0,0,1,3,1
300,1,0,0,1,1
301,1,0,0,1,1
302,1,0,0,1,1
303,0,1,0,2,1
304,1,0,0,1,1
305,1,0,0,1,1
306,1,0,1,"1,3",2
307,1,0,0,1,1
308,1,0,0,1,1
309,1,0,0,1,1
310,1,0,0,1,1
311,1,0,0,1,1
312,1,0,0,1,1
313,0,1,0,2,1
314,1,1,1,"1,2,3",3
315,1,1,0,"1,2",2
316,1,1,0,"1,2",2
317,0,0,1,3,1
318,0,1,0,2,1
319,1,1,0,"1,2",2
320,1,0,0,1,1
321,1,0,0,1,1
322,0,1,0,2,1
323,1,1,0,"1,2",2
324,0,1,0,2,1
325,0,1,0,2,1
326,1,1,1,"1,2,3",3
327,0,1,0,2,1
328,1,0,0,1,1
329,0,0,1,3,1
330,1,0,0,1,1
331,0,1,0,2,1
332,0,0,1,3,1
333,1,0,1,"1,3",2
334,1,0,1,"1,3",2
335,1,1,1,"1,2,3",3
336,1,0,0,1,1
337,0,0,1,3,1
338,1,1,0,"1,2",2
339,0,0,1,3,1
340,0,0,1,3,1
341,0,0,1,3,1
342,1,1,0,"1,2",2
343,1,1,1,"1,2,3",3
344,0,0,1,3,1
345,0,0,1,3,1
346,1,1,1,"1,2,3",3
347,0,1,0,2,1
348,0,1,0,2,1
349,0,0,1,3,1
350,0,1,0,2,1
351,0,1,0,2,1
352,0,0,1,3,1
353,0,1,0,2,1
354,0,1,0,2,1
355,1,1,1,"1,2,3",3
356,0,1,0,2,1
357,1,1,1,"1,2,3",3
358,1,1,1,"1,2,3",3
359,1,1,1,"1,2,3",3
360,0,0,1,3,1
361,1,1,1,"1,2,3",3
362,1,1,1,"1,2,3",3
363,1,1,1,"1,2,3",3
364,0,0,1,3,1
365,0,0,1,3,1
366,1,0,1,"1,3",2
367,1,1,1,"1,2,3",3
368,1,0,1,"1,3",2
369,0,0,1,3,1
370,0,0,1,3,1
371,0,0,1,3,1
372,1,1,1,"1,2,3",3
373,1,0,1,"1,3",2
374,0,1,0,2,1
375,1,1,1,"1,2,3",3
376,1,1,1,"1,2,3",3
377,1,1,1,"1,2,3",3
378,1,1,1,"1,2,3",3
379,0,0,1,3,1
380,1,1,1,"1,2,3",3
381,1,0,1,"1,3",2
382,0,0,1,3,1
383,0,0,1,3,1
384,0,0,1,3,1
385,0,1,0,2,1
386,1,1,0,"1,2",2
387,0,1,0,2,1
388,0,1,1,"2,3",2
389,0,1,0,2,1
390,0,1,1,"2,3",2
391,0,1,0,2,1
392,0,1,0,2,1
393,0,0,1,3,1
394,0,1,1,"2,3",2
395,0,0,1,3,1
396,0,1,1,"2,3",2
397,0,1,1,"2,3",2
398,0,1,0,2,1
399,1,1,0,"1,2",2
400,1,0,0,1,1
401,0,1,0,2,1
402,1,1,0,"1,2",2
403,0,0,1,3,1
404,1,0,0,1,1
405,0,0,1,3,1
406,1,0,0,1,1
407,0,1,1,"2,3",2
408,0,1,1,"2,3",2
409,1,0,0,1,1
410,1,0,0,1,1
411,1,0,0,1,1
412,1,0,0,1,1
413,1,0,0,1,1
414,1,0,0,1,1
415,1,0,0,1,1
416,0,1,0,2,1
417,0,0,1,3,1
418,0,0,1,3,1
419,1,1,1,"1,2,3",3
420,0,1,0,2,1
421,1,1,1,"1,2,3",3
422,1,1,1,"1,2,3",3
423,0,1,0,2,1
424,1,1,1,"1,2,3",3
425,0,1,1,"2,3",2
426,0,1,0,2,1
427,0,0,1,3,1
428,0,0,1,3,1
429,0,0,1,3,1
430,0,0,1,3,1
431,0,0,1,3,1
432,0,0,1,3,1
433,1,0,0,1,1
434,0,0,1,3,1
435,0,0,1,3,1
436,0,0,1,3,1
437,0,0,1,3,1
438,0,1,0,2,1
439,0,0,1,3,1
440,0,0,1,3,1
441,0,0,1,3,1
442,0,0,1,3,1
443,0,0,1,3,1
444,0,0,1,3,1
445,1,0,1,"1,3",2
446,0,1,1,"2,3",2
447,1,1,1,"1,2,3",3
448,1,1,1,"1,2,3",3
449,0,1,1,"2,3",2
450,0,1,1,"2,3",2
451,0,1,1,"2,3",2
452,0,1,1,"2,3",2
453,1,1,0,"1,2",2
454,1,0,0,1,1
455,0,1,0,2,1
456,1,1,1,"1,2,3",3
457,0,0,1,3,1
458,1,1,0,"1,2",2
459,0,0,1,3,1
460,1,0,0,1,1
461,1,0,0,1,1
462,1,1,1,"1,2,3",3
463,1,1,1,"1,2,3",3
464,0,1,1,"2,3",2
465,0,1,1,"2,3",2
466,1,0,0,1,1
467,0,1,0,2,1
468,0,1,0,2,1
469,0,0,1,3,1
470,0,1,0,2,1
471,0,1,0,2,1
472,0,1,0,2,1
473,0,1,1,"2,3",2
474,0,1,1,"2,3",2
475,0,1,0,2,1
476,0,1,0,2,1
477,0,1,0,2,1
478,0,0,1,3,1
479,0,1,1,"2,3",2
480,0,0,1,3,1
481,0,0,1,3,1
482,0,0,1,3,1
483,0,1,1,"2,3",2
484,1,1,0,"1,2",2
485,1,1,0,"1,2",2
486,0,0,1,3,1
487,0,1,0,2,1
488,0,1,0,2,1
489,0,0,1,3,1
490,0,0,1,3,1
491,0,1,1,"2,3",2
492,0,1,0,2,1
493,1,1,1,"1,2,3",3
494,1,1,0,"1,2",2
495,1,1,0,"1,2",2
496,1,1,1,"1,2,3",3
497,1,1,0,"1,2",2
498,0,1,0,2,1
499,1,1,0,"1,2",2
500,0,1,0,2,1
501,0,1,0,2,1
502,1,1,1,"1,2,3",3
503,1,1,0,"1,2",2
504,1,1,0,"1,2",2
505,0,0,1,3,1
506,0,0,1,3,1
507,0,0,1,3,1
508,0,0,1,3,1
509,0,1,0,2,1
510,0,0,1,3,1
511,1,0,0,1,1
512,1,0,1,"1,3",2
513,0,0,1,3,1
514,1,1,0,"1,2",2
515,0,1,0,2,1
516,0,1,1,"2,3",2
517,0,1,0,2,1
518,0,0,1,3,1
519,0,0,1,3,1
520,0,0,1,3,1
521,0,0,1,3,1
522,1,1,0,"1,2",2
523,1,1,0,"1,2",2
524,1,1,0,"1,2",2
525,1,1,0,"1,2",2
526,1,0,0,1,1
527,1,1,1,"1,2,3",3
528,1,1,1,"1,2,3",3
529,0,0,1,3,1
530,1,1,1,"1,2,3",3
531,1,0,0,1,1
532,1,0,0,1,1
533,1,0,0,1,1
534,0,1,1,"2,3",2
535,1,0,1,"1,3",2
536,1,0,1,"1,3",2
537,0,1,0,2,1
538,1,1,0,"1,2",2
539,1,0,0,1,1
540,1,1,0,"1,2",2
541,1,1,1,"1,2,3",3
542,1,1,0,"1,2",2
543,1,0,1,"1,3",2
544,1,0,1,"1,3",2
545,1,0,0,1,1
546,1,1,0,"1,2",2
547,0,1,0,2,1
548,0,1,0,2,1
549,0,1,0,2,1
550,0,0,1,3,1
551,0,0,1,3,1
552,0,1,0,2,1
553,1,1,1,"1,2,3",3
554,1,1,0,"1,2",2
555,1,1,0,"1,2",2
556,1,0,0,1,1
557,1,0,0,1,1
558,1,0,0,1,1
559,1,0,0,1,1
560,0,1,0,2,1
561,0,1,0,2,1
562,1,1,0,"1,2",2
563,1,0,0,1,1
564,1,1,0,"1,2",2
565,1,1,0,"1,2",2
566,1,1,0,"1,2",2
567,1,1,0,"1,2",2
568,1,1,1,"1,2,3",3
569,1,1,1,"1,2,3",3
570,1,1,0,"1,2",2
571,1,1,1,"1,2,3",3
572,1,0,0,1,1
573,1,0,0,1,1
574,1,1,1,"1,2,3",3
575,1,1,0,"1,2",2
576,1,1,1,"1,2,3",3
577,1,1,0,"1,2",2
578,1,1,0,"1,2",2
579,1,1,1,"1,2,3",3
580,0,0,1,3,1
581,0,1,0,2,1
582,0,0,1,3,1
583,0,0,1,3,1
584,0,1,0,2,1
585,0,0,1,3,1
586,0,1,1,"2,3",2
587,0,0,1,3,1
588,1,0,1,"1,3",2
589,1,1,1,"1,2,3",3
590,1,1,1,"1,2,3",3
591,1,1,1,"1,2,3",3
592,1,1,1,"1,2,3",3
593,1,1,1,"1,2,3",3
594,1,1,1,"1,2,3",3
595,1,1,0,"1,2",2
596,1,1,1,"1,2,3",3
597,1,1,0,"1,2",2
598,1,1,1,"1,2,3",3
599,1,1,0,"1,2",2
600,1,1,1,"1,2,3",3
601,1,1,1,"1,2,3",3
602,1,1,1,"1,2,3",3
603,1,1,1,"1,2,3",3
604,0,1,0,2,1
605,1,1,1,"1,2,3",3
606,0,1,1,"2,3",2
607,1,1,1,"1,2,3",3
608,0,1,1,"2,3",2
609,1,1,1,"1,2,3",3
610,0,1,1,"2,3",2
611,0,0,1,3,1
612,0,1,1,"2,3",2
613,0,0,1,3,1
614,0,1,0,2,1
615,1,0,1,"1,3",2
616,1,1,0,"1,2",2
617,0,1,0,2,1
618,0,1,0,2,1
619,0,1,0,2,1
620,0,1,0,2,1
621,1,0,0,1,1
622,1,0,0,1,1
623,0,1,1,"2,3",2
624,1,1,1,"1,2,3",3
625,1,0,0,1,1
626,1,1,1,"1,2,3",3
627,1,1,1,"1,2,3",3
628,0,0,1,3,1
629,0,0,1,3,1
630,1,1,1,"1,2,3",3
631,1,1,0,"1,2",2
632,0,1,0,2,1
633,0,1,0,2,1
634,1,1,1,"1,2,3",3
635,1,1,1,"1,2,3",3
636,1,0,0,1,1
637,1,0,0,1,1
638,0,1,1,"2,3",2
639,0,1,0,2,1
640,1,0,0,1,1
641,0,1,0,2,1
642,0,0,1,3,1
643,0,1,0,2,1
644,1,1,0,"1,2",2
645,1,1,0,"1,2",2
646,1,1,1,"1,2,3",3
647,1,1,1,"1,2,3",3
648,1,0,1,"1,3",2
649,1,1,1,"1,2,3",3
650,0,0,1,3,1
651,0,1,1,"2,3",2
652,0,0,1,3,1
653,0,1,1,"2,3",2
654,0,1,1,"2,3",2
655,0,1,1,"2,3",2
656,0,1,1,"2,3",2
657,0,1,0,2,1
658,0,1,1,"2,3",2
659,1,0,1,"1,3",2
660,0,0,1,3,1
661,1,1,1,"1,2,3",3
662,1,1,0,"1,2",2
663,1,1,0,"1,2",2
664,1,1,1,"1,2,3",3
665,1,1,1,"1,2,3",3
666,1,1,0,"1,2",2
667,1,1,1,"1,2,3",3
668,1,1,1,"1,2,3",3
669,1,1,1,"1,2,3",3
670,0,1,0,2,1
671,1,1,1,"1,2,3",3
672,0,0,1,3,1
673,0,0,1,3,1
674,0,0,1,3,1
675,1,0,0,1,1
676,1,1,1,"1,2,3",3
677,1,0,0,1,1
678,0,1,1,"2,3",2
679,0,1,1,"2,3",2
680,0,0,1,3,1
681,1,0,0,1,1
682,1,0,0,1,1
683,1,0,0,1,1
684,0,1,1,"2,3",2
685,1,0,0,1,1
686,0,0,1,3,1
687,0,0,1,3,1
688,1,1,1,"1,2,3",3
689,1,1,1,"1,2,3",3
690,1,1,1,"1,2,3",3
691,0,1,0,2,1
692,0,1,0,2,1
693,1,1,1,"1,2,3",3
694,1,1,1,"1,2,3",3
695,1,1,1,"1,2,3",3
696,1,0,1,"1,3",2
697,0,0,1,3,1
698,0,0,1,3,1
699,0,1,1,"2,3",2
700,1,0,0,1,1
701,1,0,0,1,1
702,1,0,0,1,1
703,1,1,0,"1,2",2
704,0,0,1,3,1
705,1,0,0,1,1
706,1,0,1,"1,3",2
707,1,0,1,"1,3",2
708,1,1,1,"1,2,3",3
709,0,0,1,3,1
710,1,0,0,1,1
711,1,0,1,"1,3",2
712,1,0,0,1,1
713,0,1,0,2,1
714,0,0,1,3,1
715,0,1,0,2,1
716,0,1,0,2,1
717,1,0,1,"1,3",2
718,0,0,1,3,1
719,0,0,1,3,1
720,0,0,1,3,1
721,0,0,1,3,1
722,0,0,1,3,1
723,0,0,1,3,1
724,1,0,1,"1,3",2
725,0,0,1,3,1
